"id","word","pronunciation","meaning","audio_path","POS","Lv"
1,仕事,しごと,"일, 직업",,명사(名詞),5
2,財布,さいふ,지갑,,동사(動詞),5
3,右,みぎ,오른쪽,,명사(名詞),5
4,病院,びょういん,병원,,명사(名詞),5
5,午後,ごご,오후,,명사(名詞),5
6,話す,はなす,이야기하다,,동사(動詞),5
7,電話,でんわ,전화,,명사(名詞),5
8,手紙,てがみ,편지,,명사(名詞),5
9,学校,がっこう,학교,,명사(名詞),5
10,銀行,ぎんこう,은행,,명사(名詞),5
11,悪い,わるい,나쁘다,,형용사(形容詞),5
12,広い,ひろい,넓다,,형용사(形容詞),5
13,住む,すむ,살다,,동사(動詞),5
14,押す,おす,밀다,,동사(動詞),5
15,物,もの,물건,,명사(名詞),5
16,辞書,じしょ,사전,,명사(名詞),5
17,宿題,しゅくだい,숙제,,명사(名詞),5
18,答える,こたえる,대답하다,,동사(動詞),5
19,電気,でんき,전기,,명사(名詞),5
20,大人,おとな,어른,,명사(名詞),5
21,低い,ひくい,(높이가) 낮다,,형용사(形容詞),5
22,夏,なつ,여름,,명사(名詞),5
23,交番,こうばん,파출소,,명사(名詞),5
24,出口,でぐち,출구,,명사(名詞),5
25,明るい,明るい,밝다,,형용사(形容詞),5
26,ポケット,,주머니,,명사(名詞),5
27,年,とし,나이,,명사(名詞),5
28,去年,きょねん,작년,,명사(名詞),5
29,寝る,ねる,자다,,동사(動詞),5
30,手,て,손,,명사(名詞),5
31,塩,しお,소금,,명사(名詞),5
32,千,せん,천,,명사(名詞),5
33,外国,がいこく,외국,,명사(名詞),5
34,食べ物,たべもの,음식,,명사(名詞),5
35,兄,あに,형,,명사(名詞),5
36,降る,ふる,(비가)내리다,,동사(動詞),5
37,時計,とけい,시계,,명사(名詞),5
38,パソコン,,컴퓨터,,명사(名詞),5
39,川、河,かわ,강,,명사(名詞),5
40,一番,いちばん,"가장, 최상",,명사(名詞),5
41,一人,ひとり,한 명,,명사(名詞),5
42,番号,ばんごう,번호,,명사(名詞),5
43,今週,こんしゅう,이번주,,명사(名詞),5
44,降りる,おりる,내리다,,동사(動詞),5
45,洗う,あらう,"씻다, 닦다",,동사(動詞),5
46,音楽,おんがく,음악,,명사(名詞),5
47,一つ,ひとつ,한개,,명사(名詞),5
48,エレベーター,,엘리베이터,,명사(名詞),5
49,午前,ごぜん,오전,,명사(名詞),5
50,動物,どうぶつ,동물,,명사(名詞),5
51,靴,くつ,신발,,명사(名詞),5
52,高い,たかい,높다,,형용사(形容詞),5
53,教室,きょうしつ,교실,,명사(名詞),5
54,本,ほん,책,,명사(名詞),5
55,デパート,,백화점,,명사(名詞),5
56,生まれる,うまれる,태어나다,,동사(動詞),5
57,傘,かさ,우산,,명사(名詞),5
58,危ない,あぶない,위험하다,,형용사(形容詞),5
59,新聞,しんぶん,신문,,명사(名詞),5
60,西,にし,서,,명사(名詞),5
61,暑い,あつい,덥다,,형용사(形容詞),5
62,お茶,おちゃ,차,,명사(名詞),5
63,話,はなし,말(이야기),,명사(名詞),5
64,休み,やすみ,"쉬는날, 방학",,명사(名詞),5
65,大きい,おおきい,크다,,형용사(形容詞),5
66,遊ぶ,あそぶ,놀다,,동사(動詞),5
67,今月,こんげつ,이번달,,명사(名詞),5
68,机,つくえ,책상,,명사(名詞),5
69,入り口,いりぐち,입구,,명사(名詞),5
70,東西南北,とうざいなんぼく,동서남북,,명사(名詞),5
71,食べる,たべる,먹다,,동사(動詞),5
72,来る,くる,오다,,동사(動詞),5
73,ボタン,,버튼,,명사(名詞),5
74,静かな,しずかな,조용한,,형용동사(形容動詞),5
75,時間,じかん,시간,,명사(名詞),5
76,紙,かみ,종이,,명사(名詞),5
77,黒い,くろい,까맣다,,형용사(形容詞),5
78,友達,ともだち,친구,,명사(名詞),5
79,母,はは,엄마,,명사(名詞),5
80,赤い,あかい,빨갛다,,형용사(形容詞),5
81,万,まん,"1만",,수사(数詞),5
82,コーヒー,,커피,,명사(名詞),5
83,新しい,あたらしい,새롭다,,형용사(形容詞),5
84,かばん,,가방,,명사(名詞),5
85,海,うみ,바다,,명사(名詞),5
86,先生,せんせ,선생님,,명사(名詞),5
87,中学校,ちゅうがっこう,중학교,,명사(名詞),5
88,遅い,おそい,늦다,,형용사(形容詞),5
89,言う,いう,말하다,,명사(名詞),3
90,北,きた,북,,명사(名詞),5
91,春,はる,봄,,명사(名詞),5
92,寒い,さむい,춥다,,형용사(形容詞),5
93,速い,はやい,빠르다,,형용사(形容詞),5
94,山,やま,산,,명사(名詞),5
95,多い,おおい,많다,,형용사(形容詞),5
96,入る,はいる,들어가다,,동사(動詞),5
97,水,みず,물,,명사(名詞),5
98,パン,,빵,,명사(名詞),5
99,下がる,さがる,내려가다,,동사(動詞),5
100,来年,らいねん,내년,,명사(名詞),5
101,犬,いぬ,개,,명사(名詞),5
102,小さい,ちいさい,작다,,형용사(形容詞),5
103,ジャンパー,,점퍼,,명사(名詞),5
104,スカート,,치마,,명사(名詞),5
105,弟,おとうと,남동생,,명사(名詞),5
106,勉強,べんきょう,공부,,명사(名詞),5
107,学生,がくせい,학생,,명사(名詞),5
108,魚,さかな,물고기,,명사(名詞),5
109,お腹,おなか,배,,명사(名詞),5
110,分かる,わかる,이해하다 (알다),,동사(動詞),5
111,弱い,よわい,약하다,,형용사(形容詞),5
112,一時,いちじ,"1시",,명사(名詞),5
113,歩く,あるく,걷다,,동사(動詞),5
114,返す,かえす,돌려주다,,동사(動詞),5
115,豚,ぶた,돼지,,명사(名詞),5
116,楽しい,たのしい,즐겁다,,형용사(形容詞),5
117,掛かる,かかる,걸리다,,동사(動詞),5
118,鉛筆,えんぴつ,연필,,명사(名詞),5
119,丈夫な,じょうぶな,튼튼한,,형용사(形容詞),5
120,馬,うま,말,,명사(名詞),5
121,泳ぐ,およぐ,수영하다,,동사(動詞),5
122,秋,あき,가을,,명사(名詞),5
123,左,ひだり,왼(쪽),,관형사(冠形詞),5
124,吸う,すう,"들이마시다, 피우다",,동사(動詞),5
125,留学生,りゅうがくせい,유학생,,명사(名詞),5
126,書く,かく,쓰다,,동사(動詞),5
127,高校,こうこう,고교 (고등학교),,명사(名詞),5
128,狭い,せまい,좁다,,형용사(形容詞),5
129,コップ,,컵,,명사(名詞),5
130,読む,よむ,읽다,,동사(動詞),5
131,休む,やすむ,쉬다,,동사(動詞),5
132,待つ,まつ,기다리다,,동사(動詞),5
133,お母さん,おかあさん,어머니,,명사(名詞),5
134,十,じゅう,십,,수사(数詞),5
135,台所,だいどころ,부엌,,명사(名詞),5
136,会う,あう,만나다,,동사(動詞),5
137,南,みなみ,남,,명사(名詞),5
138,飛行機,ひこうき,비행기,,명사(名詞),5
139,写真,しゃしん,사진,,명사(名詞),5
140,前,まえ,앞,,명사(名詞),5
141,作る,つくる,만들다,,동사(動詞),5
142,ご飯,ごはん,밥,,명사(名詞),5
143,聞く,きく,듣다,,동사(動詞),5
144,白い,しろい,하얗다,,형용사(形容詞),5
145,絵,え,그림,,명사(名詞),5
146,ドア,,문,,명사(名詞),5
147,同じ,おなじ,같다,,형용동사(形容動詞),5
148,上,うえ,위 (방향),,명사(名詞),5
149,靴下,くつした,양말,,명사(名詞),5
150,レストラン,,"레스토랑, 식당",,명사(名詞),5
151,雪,ゆき,눈,,명사(名詞),5
152,公園,こうえん,공원,,명사(名詞),5
153,大変,たいへん,"굉장히, 몹시",,부사(副詞),5
154,セーター,,스웨터,,명사(名詞),5
155,父,ちち,아빠,,명사(名詞),5
156,買い物,かいもの,장보기,,명사(名詞),5
157,お金,おかね,돈,,명사(名詞),5
158,ナイフ,,칼,,명사(名詞),5
159,短い,みじかい,짧다,,형용사(形容詞),5
160,外,そと,"밖, 바깥",,명사(名詞),5
161,眼鏡,めがね,안경,,명사(名詞),5
162,国,くに,나라,,명사(名詞),5
163,知る,しる,알다,,동사(動詞),5
164,安い,やすい,싸다,,형용사(形容詞),5
165,青い,あおい,파랗다,,형용사(形容詞),5
166,教える,おしえる,가르치다,,동사(動詞),5
167,木,き,나무,,명사(名詞),5
168,痛い,いたい,아프다,,형용사(形容詞),5
169,電車,でんしゃ,전차(전철),,명사(名詞),5
170,重い,おもい,무겁다,,형용사(形容詞),5
171,行く,いく,가다,,동사(動詞),5
172,子供,こども,아이,,명사(名詞),5
173,切符,きっぷ,표,,명사(名詞),5
174,私,わたし,"나, 저",,명사(名詞),5
175,散歩,さんぽ,산책,,명사(名詞),5
176,雨,あめ,비,,명사(名詞),5
177,椅子,いす,의자,,명사(名詞),5
178,食堂,しょくどう,식당,,명사(名詞),5
179,軽い,かるい,가볍다,,형용사(形容詞),5
180,果物,くだもの,과일,,명사(名詞),5
181,忙しい,いそがしい,바쁘다,,형용사(形容詞),5
182,出る,でる,나가다,,동사(動詞),5
183,車,くるま,차,,명사(名詞),5
184,小学生,しょうがくせい,초등학생,,명사(名詞),5
185,近い,ちかい,가깝다,,형용사(形容詞),5
186,足,あし,발,,명사(名詞),5
187,朝,あさ,아침,,명사(名詞),5
188,ネクタイ,,넥타이,,명사(名詞),5
189,花,はな,꽃,,명사(名詞),5
190,結婚,けっこん,결혼,,명사(名詞),5
191,顔,かお,얼굴,,명사(名詞),5
192,東,ひがし,동,,명사(名詞),5
193,天気,てんき,날씨,,명사(名詞),5
194,"2位",にい,"2위",,명사(名詞),5
195,上手,じょうず,능숙함,,명사(名詞),5
196,冬,ふゆ,겨울,,명사(名詞),5
197,遠い,とおい,멀다,,형용사(形容詞),5
198,少ない,すくない,적다,,형용사(形容詞),5
199,辛い,からい,맵다,,형용사(形容詞),5
200,美味しい,おいしい,맛있다,,형용사(形容詞),5
201,駅,えき,역,,명사(名詞),5
202,何時,なんじ,몇시,,명사(名詞),5
203,長い,ながい,길다,,형용사(形容詞),5
204,売る,うる,팔다,,동사(動詞),5
205,困る,こまる,곤란하다,,동사(動詞),5
206,時々,ときどき,"때때로, 가끔씩",,부사(副詞),5
207,建物,たてもの,건물,,명사(名詞),5
208,誕生日,たんじょうび,생일 (탄생일),,명사(名詞),5
209,医者,いしゃ,의사,,명사(名詞),5
210,ばか,,바보,,명사(名詞),5
211,先に,さきに,먼저,,명사(名詞),5
212,難しい,むずかしい,어렵다,,형용사(形容詞),5
213,ビール,,맥주,,명사(名詞),5
214,シャワー,,샤워,,명사(名詞),5
215,鳥,とり,새,,명사(名詞),5
216,嫌い,きらい,싫다,,형용사(形容詞),5
217,窓,まど,창문,,명사(名詞),5
218,強い,つよい,강하다,,형용사(形容詞),5
219,頭,あたま,머리,,명사(名詞),5
220,見せる,みせる,보여주다,,동사(動詞),5
221,毎月,まいつき,매월,,명사(名詞),5
222,妹,いもうと,여동생,,명사(名詞),5
223,スプーン,,숟가락,,명사(名詞),5
224,鍵,かぎ,열쇠,,명사(名詞),5
225,歌う,うたう,노래하다,,동사(動詞),5
226,町,まち,마을,,명사(名詞),5
227,見る,みる,보다,,동사(動詞),5
228,呼ぶ,よぶ,부르다,,동사(動詞),5
229,お父さん,おとうさん,아버지,,명사(名詞),5
230,声,こえ,목소리,,명사(名詞),5
231,毎年,まいとし,매년,,명사(名詞),5
232,高校生,こうこうせい,고교생 (고등학생),,명사(名詞),5
233,カレンダー,,달력,,명사(名詞),5
234,牛乳,ぎゅうにゅう,우유,,명사(名詞),5
235,後ろ,うしろ,뒤,,명사(名詞),5
236,地下鉄,ちかてつ,지하철,,명사(名詞),5
237,開ける,あける,열다,,동사(動詞),5
238,体,からだ,몸,,명사(名詞),5
239,出す,だす,내다 (꺼내다),,동사(動詞),5
240,料理,りょうり,요리,,명사(名詞),5
241,死ぬ,しぬ,죽다,,동사(動詞),5
242,座る,すわる,앉다,,동사(動詞),5
243,大学生,だいがくせい,대학생,,명사(名詞),5
244,乗る,のる,타다,,동사(動詞),5
245,兄弟,きょうだい,형제,,명사(名詞),5
246,目,め,눈,,명사(名詞),5
247,暗い,くらい,어둡다,,형용사(形容詞),5
248,八百屋,やおや,야채가게,,명사(名詞),5
249,女,おんな,여자,,명사(名詞),5
250,意味,いみ,의미,,명사(名詞),5
251,下げる,さげる,내리다,,동사(動詞),5
252,先月,せんげつ,지난달,,명사(名詞),5
253,店,みせ,가게,,명사(名詞),5
254,可愛い,かわいい,귀엽다,,형용사(形容詞),5
255,大学,だいがく,대학,,명사(名詞),5
256,空,そら,하늘,,명사(名詞),5
258,来月,らいげつ,다음달,,명사(名詞),5
259,男,おとこ,남자,,명사(名詞),5
260,図書館,としょかん,도서관,,명사(名詞),5
261,漢字,かんじ,한자,,명사(名詞),5
262,今晩,こんばん,오늘밤,,명사(名詞),5
263,消す,けす,끄다,,동사(動詞),5
264,百,ひゃく,백,,수사(数詞),5
265,ペン,,펜,,명사(名詞),5
266,姉,あね,누나,,명사(名詞),5
267,中,なか,가운데,,명사(名詞),5
268,猫,ねこ,고양이,,명사(名詞),5
269,汚い,きたない,더럽다,,형용사(形容詞),5
270,借りる,かりる,빌리다,,동사(動詞),5
271,アパート,,아파트,,명사(名詞),5
272,テーブル,,테이블,,명사(名詞),5
273,円,えん,엔 (엔화),,명사(名詞),5
274,名前,なまえ,이름,,명사(名詞),5
275,起きる,おきる,일어나다,,동사(動詞),5
276,上げる,あげる,올리다,,동사(動詞),5
277,ホテル,,호텔,,명사(名詞),5
278,コピー,,복사,,명사(名詞),5
279,牛,うし,소,,명사(名詞),5
280,卵,たまご,계란,,명사(名詞),5
281,会社,かいしゃ,회사,,명사(名詞),5
282,人,ひと,사람,,명사(名詞),5
283,タクシー,,택시,,명사(名詞),5
284,作文,さくぶん,작문,,명사(名詞),5
285,古い,ふるい,오래되다,,형용사(形容詞),5
286,誰,だれ,누구,,대명사(代名詞),5
287,色,いろ,색,,명사(名詞),5
288,池,いけ,연못,,명사(名詞),5
289,薬,くすり,약,,명사(名詞),5
290,耳,みみ,귀,,명사(名詞),5
291,入れる,いれる,넣다,,동사(動詞),5
292,今日,きょう,오늘,,명사(名詞),5
293,毎日,まいにち,매일,,명사(名詞),5
294,上がる,あがる,오르다,,동사(動詞),5
295,トイレ,,화장실,,명사(名詞),5
297,下,した,아래(방향),,명사(名詞),5
298,答え,こたえ,"대답, 해답",,명사(名詞),4
299,帰る,かえる,"돌아가다, 돌아오다",,동사(動詞),4
300,焼く,やく,굽다 (불에),,동사(動詞),4
301,お祭り,おまつり,축제,,명사(名詞),4
302,一般的,いっぱんてき,일반적,,형용동사(形容動詞),4
303,とても,,매우,,부사(副詞),4
304,記者,きしゃ,기자 (신문 등),,명사(名詞),4
305,遊び,あそび,놀다,,동사(動詞),4
306,𠮟る,しかる,혼내다,,동사(動詞),4
307,複雑な,ふくざつな,복잡한,,형용동사(形容動詞),4
308,急行,きゅうこう,급행 (열차),,명사(名詞),4
309,羽,はね,날개,,명사(名詞),4
310,お姉さん,おねえさん,"누나, 누님",,명사(名詞),4
311,拾う,ひろう,줍다,,동사(動詞),4
312,元気,げんき,"원기, 기력",,명사(名詞),4
313,減らす,へらす,줄이다,,동사(動詞),4
314,辞典,じてん,사전,,명사(名詞),4
315,飲む,のむ,마시다,,동사(動詞),4
316,三角形,さんかくけい,삼각형,,명사(名詞),4
318,招待,しょうたい,초대,,명사(名詞),4
319,ひげ,,수염,,명사(名詞),4
320,郵便局,ゆうびんきょく,우체국,,명사(名詞),4
321,奥さん,おくさん,(남의)부인,,명사(名詞),4
322,それから,,그 다음에,,부사(副詞),4
323,洋服,ようふく,양복,,명사(名詞),4
324,夕飯,ゆうはん,저녁밥,,명사(名詞),4
325,星,ほし,별,,명사(名詞),4
326,市民,しみん,시민,,명사(名詞),4
327,管理,かんり,관리,,명사(名詞),4
328,貼る,はる,붙이다,,동사(動詞),4
329,別れる,わかれる,헤어지다,,동사(動詞),4
330,腕,うで,"팔, (팔=실력, 기술)",,명사(名詞),4
331,無くす,なくす,"잃다, 없애다",,동사(動詞),4
332,空間,くうかん,공간,,명사(名詞),4
333,皆さん,みなさん,여러분,,명사(名詞),4
334,祖父,そふ,조부 (할아버지),,명사(名詞),4
335,弾く,ひく,치다 (악기),,동사(動詞),4
336,例えば,たとえば,예를들면,,부사(副詞),4
337,だから,,그러니까,,부사(副詞),4
338,曲がる,まがる,(길을) 돌다,,동사(動詞),4
339,予習,よしゅう,예습,,명사(名詞),4
340,先週,せんしゅう,지난주,,명사(名詞),4
341,宿泊,しゅくはく,숙박,,명사(名詞),4
342,掛ける,かける,걸다,,동사(動詞),4
343,苦い,にがい,쓰다,,형용사(形容詞),4
344,決まる,きまる,결정되다,,동사(動詞),4
345,九日,ここのか,"9일",,수사(数詞),4
346,預かる,あずかる,"맡다, 보관하다",,동사(動詞),4
347,失礼,しつれい,실례,,명사(名詞),4
348,八日,ようか,"8일",,수사(数詞),4
349,案内,あんない,안내,,명사(名詞),4
350,笑顔,えがお,웃는 얼굴,,명사(名詞),4
351,乗り換え,のりかえ,갈아타다,,동사(動詞),4
352,喉,のど,목구멍,,명사(名詞),4
353,美しい,うつくしい,아름답다,,형용동사(形容動詞),4
354,海岸,かいがん,해안,,명사(名詞),4
355,砂,すな,모래,,명사(名詞),4
356,一限,いちげん,"1교시",,명사(名詞),4
357,変える,かえる,바꾸다,,동사(動詞),4
358,紅茶,こうちゃ,홍차,,명사(名詞),4
359,戸,と,"대문, 문짝",,명사(名詞),4
360,返事,へんじ,대답,,명사(名詞),4
361,時代,じだい,시대,,명사(名詞),4
362,"固い, 堅い",かたい,딱딱하다,,형용사(形容詞),4
363,原因,げんいん,원인,,명사(名詞),4
364,零,れい,"0 (숫자)",,수사(数詞),4
365,金額,きんがく,금액,,명사(名詞),4
366,ぶどう,,포도,,명사(名詞),4
367,冷たい,つめたい,차갑다,,형용사(形容詞),4
368,大事な,だいじな,소중한,,형용동사(形容動詞),4
369,国産,こくさん,국산,,명사(名詞),4
370,従う,したがう,따르다,,동사(動詞),4
371,沸かす,わかす,끓이다,,동사(動詞),4
372,毎晩,まいばん,매일밤,,명사(名詞),4
373,期間,きかん,기간,,명사(名詞),4
374,上着,うわぎ,상의 (윗도리),,명사(名詞),4
375,曇る,くもる,흐리다,,형용동사(形容動詞),4
376,家庭,かてい,가정,,명사(名詞),4
377,習慣,しゅうかん,습관,,명사(名詞),4
378,近道,ちかみち,언덕길,,명사(名詞),4
379,髪の毛,かみのけ,머리카락,,명사(名詞),4
380,逃げる,にげる,도망치다,,동사(動詞),4
381,何故,なぜ,어째서,,부사(副詞),4
382,閉める,しめる,닫다,,동사(動詞),4
383,言葉,ことば,"말, 언어",,명사(名詞),4
384,止める,とめる,멈추다,,동사(動詞),4
386,本棚,ほんだな,책장,,명사(名詞),4
387,閉じる,とじる,닫다,,동사(動詞),4
388,居る,いる,있다,,동사(動詞),4
389,成分,せいぶん,성분,,명사(名詞),4
390,見つかる,みつかる,발견되다,,동사(動詞),4
391,生徒,せいと,생도 (학생),,명사(名詞),4
392,お兄さん,おにいさん,"형, 형님",,명사(名詞),4
393,外国人,がいこくじん,외국인,,명사(名詞),4
394,喜ぶ,よろこぶ,기뻐하다.,,동사(動詞),4
395,旅行,りょこう,여행,,명사(名詞),4
396,滑る,すべる,미끄러지다,,동사(動詞),4
397,森,もり,"숲, 삼림",,명사(名詞),4
398,科学,かがく,과학,,명사(名詞),4
399,都会,とかい,도시,,명사(名詞),4
400,不味い,まずい,맛없다,,형용사(形容詞),4
402,後,あと,"뒤, 후방",,명사(名詞),4
403,包む,つつむ,"싸다, 포장하다",,동사(動詞),4
404,守る,まもる,지키다,,동사(動詞),4
405,経済,けいざい,경제,,명사(名詞),4
406,かなり,,"제법, 상당히",,부사(副詞),4
407,引く,ひく,"당기다, 끌다",,동사(動詞),4
408,棚,だな,선반,,명사(名詞),4
409,運転,うんてん,운전,,명사(名詞),4
410,専門,せんもん,전문,,명사(名詞),4
411,発達,はったつ,발달,,명사(名詞),4
412,打つ,うつ,치다,,동사(動詞),4
413,出発,しゅっぱつ,출발,,명사(名詞),4
414,"90年代",きゅうじゅうねんだい,"90년대",,명사(名詞),4
415,瘦せる,やせる,살이빠지다,,동사(動詞),4
416,着る,きる,옷을 입다,,동사(動詞),4
417,そのまま,,그대로,,부사(副詞),4
418,渡す,わたす,건네주다,,동사(動詞),4
419,眠る,ねむる,잠자다,,동사(動詞),4
420,橋,はし,다리,,명사(名詞),4
421,米,こめ,쌀,,명사(名詞),4
422,どれ,,어느 것,,대명사(代名詞),4
423,御免下さい,ごめんください,계세요?,,인사 표현,4
424,手続き,てつづき,"수속, 절차",,명사(名詞),4
425,七日,なのか,"7일",,수사(数詞),4
426,落とす,おとす,떨어뜨리다,,동사(動詞),4
427,氷,こおり,얼음,,명사(名詞),4
428,壁,かべ,벽,,명사(名詞),4
429,表示,ひょうじ,표시,,명사(名詞),4
430,驚く,おどろく,놀라다,,동사(動詞),4
431,梅雨,つゆ,장마,,명사(名詞),4
432,覚える,おぼえる,"기억하다, 외우다",,동사(動詞),4
433,背中,せなか,등,,명사(名詞),4
434,若い,わかい,젊다,,형용사(形容詞),4
435,両方,りょうほう,양방,,명사(名詞),4
436,口,くち,입,,명사(名詞),4
437,足す,たす,더하다 (덧셈할때),,동사(動詞),4
438,集める,あつめる,모으다,,동사(動詞),4
439,一所懸命,いっしょけんめい,진짜 최고로 열심히,,부사(副詞),4
440,日曜日,にちようび,일요일,,명사(名詞),4
441,試合,しあい,시합,,명사(名詞),4
442,入国,にゅうこく,입국,,명사(名詞),4
443,半分,はんぶん,절반,,명사(名詞),4
444,空気,くうき,공기,,명사(名詞),4
445,区役所,くやくしょ,구청,,명사(名詞),4
446,場合,ばあい,경우,,명사(名詞),4
447,申し込む,もうしこむ,"신청, 접수하다",,동사(動詞),4
448,万年筆,まんねんひつ,만년필,,명사(名詞),4
449,工業,こうぎょう,공업,,명사(名詞),4
450,行動,こうどう,행동,,명사(名詞),4
451,経験,けいけん,경험,,명사(名詞),4
452,世界,せかい,세계,,명사(名詞),4
453,確かに,たしかに,확실히,,명사(名詞),4
454,晴れ,はれ,맑음,,명사(名詞),4
455,どなた,,누구 (의 높임말),,대명사(代名詞),4
456,葉,は,"잎 (나무, 꽃 등)",,명사(名詞),4
457,明日,あした,내일,,명사(名詞),4
458,彼ら,かれら,그들,,대명사(代名詞),4
459,汽車,きしゃ,기차,,명사(名詞),4
460,お陰で,おかげで,덕분에,,접속어,4
461,牛肉,ぎゅうにく,소고기,,명사(名詞),4
462,外す,はずす,"떼다, 벗다",,동사(動詞),4
464,深い,ふかい,"깊다 (밤, 물, 맛 등)",,형용사(形容詞),4
465,大勢,おおぜい,"여럿, 많은 사람",,명사(名詞),4
466,箱,はこ,상자,,명사(名詞),4
467,色々,いろいろ,여러가지,,부사(副詞),4
468,外部,がいぶ,외부,,명사(名詞),4
469,未満,みまん,미만,,명사(名詞),4
470,磨く,みがく,닦다,,동사(動詞),4
471,歴史,れきし,역사,,명사(名詞),4
473,毎朝,まいあさ,매일아침,,명사(名詞),4
474,育てる,そだてる,"기르다, 키우다",,동사(動詞),4
475,地図,ちず,지도,,명사(名詞),4
476,準備,じゅんび,준비,,명사(名詞),4
477,特急,とっきゅう,특급 (열차),,명사(名詞),4
478,国民,こくみん,국민,,명사(名詞),4
479,失敗,しっぱい,실패,,명사(名詞),4
480,甘い,あまい,달다,,동사(動詞),4
481,願う,ねがう,바라다,,동사(動詞),4
482,算数,さんすう,산수 (계산하는),,명사(名詞),4
483,茶わん,ちゃわん,밥그릇,,명사(名詞),4
484,並ぶ,ならぶ,"쭉~ 늘어서다, 줄서다",,동사(動詞),4
485,登録,とうろく,등록,,명사(名詞),4
486,緑,みどり,녹(색),,명사(名詞),4
487,以外,いがい,이외,,명사(名詞),4
488,流れる,ながれる,흐르다,,동사(動詞),4
489,寝不足,ねぶそく,잠 부족,,명사(名詞),4
490,昔,むかし,"옛날, 예전",,명사(名詞),4
491,姉妹,しまい,자매,,명사(名詞),4
492,通帳,つうちょう,통장,,명사(名詞),4
493,季節,きせつ,계절,,명사(名詞),4
494,肉,にく,고기,,명사(名詞),4
495,計画,けいかく,계획,,명사(名詞),4
496,用意,ようい,준비,,명사(名詞),4
497,こんばんは,,안녕하세요 (저녁인사),,인사 표현,4
498,四日,よっか,"4일",,수사(数詞),4
499,夫,おっと,남편,,명사(名詞),4
500,服,ふく,옷,,명사(名詞),4
501,登る,のぼる,(높은 장소에) 오르다,,동사(動詞),4
502,解決,かいけつ,해결,,동사(動詞),4
503,壊れる,こわれる,부서지다,,동사(動詞),4
504,興味,きょうみ,"관심, 흥미",,명사(名詞),4
505,面白い,おもしろい,"웃기다, 재미있다",,동사(動詞),4
506,こちらこそ,,저야말로,,부사(副詞),4
507,祈る,いのる,기도하다,,동사(動詞),4
508,意見,いけん,의견,,명사(名詞),4
509,お金持ち,おかねもち,부자,,명사(名詞),4
510,全て,すべて,"전부, 모두",,명사(名詞),4
511,歌手,かしゅ,가수,,명사(名詞),4
512,貸す,かす,빌려주다,,동사(動詞),4
513,泥棒,どろぼう,도둑,,명사(名詞),4
514,点,てん,점,,명사(名詞),4
515,消しゴム,けしゴム,지우개,,명사(名詞),4
516,丁度いい,ちょうどいい,딱 좋다,,형용동사(形容動詞),4
517,歯,は,이빨,,명사(名詞),4
518,水曜日,すいようび,수요일,,명사(名詞),4
519,毎週,まいしゅう,매주,,명사(名詞),4
520,台,だい,"대 (당구대, 등대 등)",,명사(名詞),4
521,触る,さわる,"닿다, 손대다",,동사(動詞),4
522,忘れる,わすれる,잊다,,동사(動詞),4
523,使い方,つかいかた,사용법,,명사(名詞),4
524,アジア,,아시아,,명사(名詞),4
525,貧乏,びんぼう,가난,,명사(名詞),4
526,ごちそうさま,,잘먹었습니다,,인사 표현,4
527,最初,さいしょ,최초,,명사(名詞),4
528,直る,なおる,고쳐지다,,동사(動詞),4
529,月曜日,げつようび,월요일,,명사(名詞),4
530,水泳,すいえい,수영,,명사(名詞),4
531,出席,しゅっせき,출석,,명사(名詞),4
532,嫌,いや,싫음,,명사(名詞),4
533,飴,あめ,사탕,,명사(名詞),4
534,門,もん,문,,명사(名詞),4
535,下手,へた,"하수, 허접",,명사(名詞),4
536,掃除,そうじ,청소,,명사(名詞),4
537,昼間,ひるま,낮,,명사(名詞),4
538,音,おと,소리,,명사(名詞),4
539,似合い,にあい,어울리다,,동사(動詞),4
540,もし,,"만약, 혹시",,부사(副詞),4
541,謝る,あやまる,사과하다,,동사(動詞),4
542,大分,だいぶ,상당히,,부사(副詞),4
543,夕方,ゆうがた,저녁때,,명사(名詞),4
544,そちら,,그쪽,,대명사(代名詞),4
546,命令,めいれい,명령,,명사(名詞),4
547,以下,いか,이하,,명사(名詞),4
548,終わる,おわる,끝나다,,동사(動詞),4
549,泣く,なく,울다,,동사(動詞),4
550,観光,かんこう,관광,,명사(名詞),4
551,小説,しょうせつ,소설,,명사(名詞),4
552,回る,まわる,돌다,,동사(動詞),4
553,両親,りょうしん,부모(양친),,명사(名詞),4
554,汗,あせ,땀,,명사(名詞),4
555,まだ,,아직,,부사(副詞),4
556,豚肉,ぶたにく,돼지고기,,명사(名詞),4
557,移動,いどう,이동,,동사(動詞),4
558,好き,すき,좋아하다,,동사(動詞),4
559,汚れる,よごれる,더러워지다,,동사(動詞),4
560,写す,うつす,베끼다,,동사(動詞),4
561,可笑しい,おかしい,이상하다,,형용사(形容詞),4
562,用事,ようじ,"용무, 볼일",,명사(名詞),4
563,効果,こうか,효과,,명사(名詞),4
564,飾る,かざる,장식하다,,동사(動詞),4
565,正しい,ただしい,옳다,,형용사(形容詞),4
566,醬油,ようゆ,(먹는) 간장,,명사(名詞),4
567,格好,かっこう,"모습, 모양",,명사(名詞),4
568,選手,せんしゅ,선수,,명사(名詞),4
569,産業,さんぎょう,산업,,명사(名詞),4
570,怒る,おこる,화내다,,동사(動詞),4
571,三日,みっか,"3일",,수사(数詞),4
572,入学,にゅうがく,입학,,명사(名詞),4
573,連れる,つれる,데리고 오다(가다),,동사(動詞),4
574,開く,ひらく,열다,,동사(動詞),4
575,濡れる,ねれる,젖다,,동사(動詞),4
576,咲く,さく,피다,,동사(動詞),4
577,邪魔するな,じゃまするな,방해하지마,,동사+명사,4
578,持つ,もつ,"들다, 가지다",,동사(動詞),4
579,自動車,じどうしゃ,자동차,,명사(名詞),4
580,心配,しんぱい,"심려, 걱정",,명사(名詞),4
581,頂きます,いただきます,잘먹겠습니다,,인사 표현,4
582,引っ越す,ひっこす,이사하다,,명사(名詞),4
583,階段,かいだん,계단,,명사(名詞),4
584,簡単な,かんたんな,간단한,,형용동사(形容動詞),4
585,はがき,,옆서,,명사(名詞),4
586,往復,おうふく,왕복,,명사(名詞),4
587,肩,かた,어깨,,명사(名詞),4
588,こっそり,,"살짝, 몰래",,부사(副詞),4
589,細かい,こまかい,"자잘하다, 세세하다",,형용사(形容詞),4
590,草,くさ,풀,,명사(名詞),4
591,帽子,ぼうし,모자,,명사(名詞),4
592,苦しい,くるしい,괴롭다,,형용사(形容詞),4
594,進む,すすむ,나아가다,,동사(動詞),4
595,今度は,こんどは,다음번은 (이번은도 됨),,명사(名詞),4
596,石,いし,돌,,명사(名詞),4
597,止まる,とまる,멈추다 (자동사),,동사(動詞),4
598,背広,せびろ,신사복,,명사(名詞),4
599,畳,たたみ,다다미 (일본식 바닥),,명사(名詞),4
600,道具,どうぐ,도구,,명사(名詞),4
601,方,かた,분 (사람을 가르키는),,명사(名詞),4
602,では,,그럼,,접속사,4
603,危険,きけん,위험,,명사(名詞),4
604,寂しい,さびしい,"외롭다, 쓸쓸하다",,형용사(形容詞),4
605,横,よこ,"가로, 옆",,명사(名詞),4
606,自由,じゆう,자유,,명사(名詞),4
607,校外,こうがい,교외,,명사(名詞),4
608,入力,にゅうりょく,입력,,명사(名詞),4
609,交通,こうつう,교통,,명사(名詞),4
610,欠席,けっせき,결석,,명사(名詞),4
611,作品,さくひん,작품,,명사(名詞),4
612,きっと,,꼭,,부사(副詞),4
613,なるほど,,역시 그렇군,,부사(副詞),4
614,木曜日,もくようび,목요일,,명사(名詞),4
615,庭,にわ,정원,,명사(名詞),4
616,または,,혹은,,명사(名詞),4
617,船,ふね,배 (바다 위의),,명사(名詞),4
618,押入れ,おしいれ,벽장,,명사(名詞),4
619,字引,じびき,자인 (사전의 옛말),,명사(名詞),4
620,付く,つく,붙다,,동사(動詞),4
621,晴れる,はれる,개다,,명사(名詞),4
622,柔道,じゅうどう,유도 (운동),,명사(名詞),4
623,涼しい,すずしい,시원하다,,형용사(形容詞),4
624,丁寧に,ていねいに,정중히,,명사(名詞),4
625,建つ,たつ,세워지다,,동사(動詞),4
626,角,かど,모퉁이,,명사(名詞),4
627,不便,ふべん,불편,,명사(名詞),4
628,予約,よやく,예약,,명사(名詞),4
629,感じる,かんじる,느끼다,,동사(動詞),4
630,壊す,こわす,"부수다, 고장내다",,동사(動詞),4
631,飲み物,のみもの,마실것,,명사(名詞),4
632,どちら,,"어느 것, 어느 쪽",,대명사(代名詞),4
633,直接,ちょくせつ,직접,,부사(副詞),4
634,幾つ,いくつ,"몇, 몇개",,명사(名詞),4
635,祝う,いわう,축하하다,,동사(動詞),4
636,笑う,わらう,웃다,,동사(動詞),4
637,良い,"よい, いい",좋다,,형용사(形容詞),4
638,男の子,おとこのこ,남자아이,,명사(名詞),4
639,針,はり,바늘,,명사(名詞),4
640,間違える,まちがえる,틀리다,,동사(動詞),4
641,質問,しつもん,질문,,명사(名詞),4
642,光,ひかり,빛,,명사(名詞),4
643,場所,ばしょ,장소,,명사(名詞),4
644,真ん中,まんなか,정가운데,,명사(名詞),4
645,盗む,ぬすむ,훔치다,,동사(動詞),4
646,心,こころ,마음,,명사(名詞),4
647,月,つき,달,,명사(名詞),4
648,全然,ぜんぜん,전혀,,부사(副詞),4
649,空く,あく,(속이)비다,,동사(動詞),4
650,そんなに,,그렇게,,부사(副詞),4
651,一杯,いっぱい,"한잔, 가득",,부사(副詞),4
652,続ける,つづける,계속하다,,동사(動詞),4
653,注意,ちゅうい,주의,,명사(名詞),4
654,渡る,わたる,건너다,,동사(動詞),4
655,文化,ぶんか,문화,,명사(名詞),4
656,付ける,つける,붙이다,,동사(動詞),4
657,負ける,まける,"지다, 패배하다",,동사(動詞),4
658,首,くび,"목, 모가지",,명사(名詞),4
659,自動,じどう,자동,,명사(名詞),4
660,塗る,ぬる,바르다,,동사(動詞),4
661,自分,じぶん,자신,,명사(名詞),4
662,結果,けっか,결과,,명사(名詞),4
663,女性,しょせい,여성,,명사(名詞),4
664,乾く,かわく,"마르다, 건조하다",,동사(動詞),4
665,おとなしい,,어른스러운,,형용사(形容詞),4
666,手伝う,てつだう,돕다,,동사(動詞),4
667,大体分かった,だいたいわかった,거의 이해했어,,부사(副詞)+동사(動詞),4
668,心理,しんり,심리,,명사(名詞),4
669,試験,しけん,시험,,명사(名詞),4
670,置く,おく,두다,,동사(動詞),4
671,お連れ様,おつれさま,일행분,,명사(名詞),4
672,会議,かいぎ,회의,,명사(名詞),4
673,関係,かんけい,관계,,명사(名詞),4
674,お願い,おねがい,부탁해,,명사(名詞),4
675,隣,となり,이웃집,,명사(名詞),4
676,ずっと,,"계속, (예전부터) 쭉~",,부사(副詞),4
677,政治,せいじ,정치,,명사(名詞),4
678,工事,こうじ,공사,,명사(名詞),4
679,大使館,たいしかん,대사관,,명사(名詞),4
680,洗濯,せんたく,세탁,,명사(名詞),4
681,決して,けっして,결코,,부사(副詞),4
682,お爺さん,おじいさん,할아버지,,명사(名詞),4
683,もらう,,받다,,동사(動詞),4
684,文法,ぶんぽう,문법,,명사(名詞),4
685,港,みなと,항구,,명사(名詞),4
686,国際,こくさい,국제,,명사(名詞),4
687,女の子,おんなのこ,여자아이,,명사(名詞),4
688,違う,ちがう,"다르다, 틀리다",,동사(動詞),4
689,充電器,じゅうでんき,충전기,,명사(名詞),4
690,紹介,しょうかい,소개,,명사(名詞),4
691,易しい,やさしい,쉽다,,형용동사(形容動詞),4
692,お弁当,おべんとう,도시락,,명사(名詞),4
693,領事館,りょうじかん,영사관,,명사(名詞),4
694,残る,のこる,남다,,동사(動詞),4
695,薄い,うすい,"얇다, 엷다, 싱겁다",,형용사(形容詞),4
696,着物,きもの,기모노,,명사(名詞),4
697,着く,つく,도착하다,,동사(動詞),4
698,無くなる,なくなる,없어지다,,동사(動詞),4
699,太る,ふとる,살찌다,,동사(動詞),4
700,喫茶店,きっさてん,"다방, 찻집",,명사(名詞),4
701,先輩,せんぱい,선배,,명사(名詞),4
702,重要,じゅうよう,중요,,명사(名詞),4
703,教育,きょういく,교육,,명사(名詞),4
704,君,きみ,너,,대명사(代名詞),4
705,転入,てんにゅう,전입,,명사(名詞),4
706,受ける,うける,받다,,동사(動詞),4
707,残念だな,ざんねんだな,유감이네,,형용동사(形容動詞),4
708,食料品,しょくりょうひん,식료품,,명사(名詞),4
709,久しぶり,ひさしぶり,오래간만,,명사(名詞),4
710,抱きしめる,だきしめる,끌어안다,,동사(動詞),4
711,これから,,지금부터,,부사(副詞),4
712,冷房,れいぼう,냉방,,명사(名詞),4
713,鏡,かがみ,거울,,명사(名詞),4
714,利用,りよう,이용,,명사(名詞),4
715,中止,ちゅうし,중지,,명사(名詞),4
716,お酒,おさけ,술,,명사(名詞),4
717,生きる,いきる,살다,,동사(動詞),4
718,事故,じこ,사고 (사건사고할때),,명사(名詞),4
719,始める,はじめる,시작하다,,동사(動詞),4
720,世話,せわ,"보살핌, 돌 봄",,명사(名詞),4
721,早い,はやい,빠르다 (시간적으로),,형용사(形容詞),4
722,匂い,におい,냄새,,명사(名詞),4
723,忘れ物,わすれもの,깜빡 잊은 물건,,명사(名詞),4
724,美術館,びじゅつかん,미술관,,명사(名詞),4
725,素晴らしい,すばらしい,훌륭하다,,형용사(形容詞),4
726,全部,ぜんぶ,전부,,명사(名詞),4
727,全国,ぜんこく,전국,,명사(名詞),4
728,昼休み,ひるやすみ,점심시간,,명사(名詞),4
729,最新,さいしん,최신,,명사(名詞),4
730,妻,つま,아내,,명사(名詞),4
731,鉄道,てつどう,철도,,명사(名詞),4
732,結構いいね,けっこういいね,제법 괜찮네,,부사(副詞)+형용사(形容詞),4
733,ほとんど,,"거의, 대부분",,"부사(副詞),명사(名詞)",4
734,使う,つかう,사용하다,,동사(動詞),4
735,お婆さん,おばあさん,할머니,,명사(名詞),4
736,太い,ふとい,굵다,,형용사(形容詞),4
737,向こう,むこう,"저쪽, 맞은편",,명사(名詞),4
738,文学,ぶんがく,문학,,명사(名詞),4
739,似る,にる,닮다,,동사(動詞),4
740,悲しい,かなしい,슬프다,,형용사(形容詞),4
741,土地,とち,토지,,명사(名詞),4
742,入社,にゅうしゃ,입사 (회사에 들어감),,명사(名詞),4
743,ごめんなさい,,미안합니다,,인사 표현,4
744,欲しい,ほしい,"하고싶다, 탐나다, 바라다",,형용사(形容詞),4
745,優しい,やさしい,다정하다,,형용사(形容詞),4
746,"1億",いちおく,"1억",,수사(数詞),4
747,集まる,あつまる,모이다,,동사(動詞),4
748,今夜,こんや,오늘밤,,명사(名詞),4
749,医学,いがく,의학,,명사(名詞),4
750,小さな,ちいさな,작은,,관형사（けんようし）,4
751,公務員,こうむいん,공무원,,명사(名詞),4
752,金曜日,きんようび,금요일,,명사(名詞),4
753,理由,りゆう,이유,,명사(名詞),4
754,一緒に,いっしょに,함께,,부사(副詞),4
755,最も,もっとも,(무엇보다도) 가장,,부사(副詞),4
756,気分,きぶん,기분,,명사(名詞),4
757,様々だ,さまざまだ,다양하다,,형용동사(形容動詞),4
758,旅館,りょかん,여관,,명사(名詞),4
759,黒,くろ,흑,,명사(名詞),4
760,片付ける,かたづける,정리하다,,동사(動詞),4
761,切る,きる,자르다,,동사(動詞),4
762,取る,とる,"잡다, 들다",,동사(動詞),4
763,褒める,ほめる,칭찬하다,,동사(動詞),4
764,雲,くも,구름,,명사(名詞),4
765,楽しみ,たのしみ,즐거움,,명사(名詞),4
766,規則,きそく,규칙,,명사(名詞),4
767,次,つぎ,다음,,명사(名詞),4
768,投げる,なげる,던지다,,동사(動詞),4
769,雑誌,ざっし,잡지,,명사(名詞),4
770,交差点,こうさてん,"교차점, 사거리",,명사(名詞),4
771,運動,うんどう,운동,,명사(名詞),4
772,それほど,,그만큼,,부사(副詞),4
773,起こす,おこす,"일으키다 (몸, 사건 등)",,동사(動詞),4
774,列車,れっしゃ,열차,,명사(名詞),4
775,伝える,つたえる,전하다,,동사(動詞),4
776,二人,ふたり,두 명,,수사(数詞),4
777,普通,ふつう,보통,,명사(名詞),4
778,店員,てんいん,점원,,명사(名詞),4
779,男性,だんせい,남성,,명사(名詞),4
780,昨日,きのう,어제,,명사(名詞),4
781,主人,しゅじん,주인,,명사(名詞),4
782,糸,いと,실,,명사(名詞),4
783,煩い,うるさい,시끄럽다,,형용사(形容詞),4
784,落ちる,おちる,떨어지다,,동사(動詞),4
785,竹,たけ,대나무,,명사(名詞),4
786,つまらない,,시시하다,,형용사(形容詞),4
787,お腹が空く,おなかがすく,배가 고프다,,동사(動詞),4
788,勤める,つとめる,근무하다,,동사(動詞),4
789,足りない,たりない,"부족하다 (돈, 능력, 잠 등 다됨)",,동사(動詞),4
790,辺,へん,"근처, 부근",,명사(名詞),4
791,混ぜる,まぜる,"섞다, 혼합하다",,동사(動詞),4
792,団体,だんたい,단체,,명사(名詞),4
793,夢,ゆめ,꿈,,명사(名詞),4
794,六日,むいか,"6일",,수사(数詞),4
795,本気,ほんき,진심,,명사(名詞),4
796,空港,くうこう,공항,,명사(名詞),4
797,印象,いんしょう,인상,,명사(名詞),4
798,どっち,,어느쪽,,대명사(代名詞),4
799,直す,なおす,고치다,,동사(動詞),4
800,怖い,こわい,무섭다,,형용사(形容詞),4
801,細い,ほそい,가늘다,,형용사(形容詞),4
802,爪,つめ,손톱,,명사(名詞),4
803,"6.退院",たいいん,퇴원,,명사(名詞),4
804,血,ち,피 (몸속의),,명사(名詞),4
805,彼女,かのじょ,그녀,,대명사(代名詞),4
806,説明,せつめい,설명,,명사(名詞),4
807,家,いえ,집,,명사(名詞),4
808,一日,ついたち,"1일",,수사(数詞),4
809,映画,えいが,영화,,명사(名詞),4
810,韓国,かんこく,한국,,명사(名詞),4
811,砂糖,さとう,설탕,,명사(名詞),4
812,駐車場,ちゅうしゃじょう,주차장,,명사(名詞),4
813,すぐ,,즉시,,부사(副詞),4
814,花見,はなみ,꽃놀이 (벚꽃구경같은),,명사(名詞),4
815,工場,こうじょう,공장,,명사(名詞),4
816,一方,いっぽう,"한편, 한쪽",,명사(名詞),4
817,たまに,,가끔 (가끔 만나 할때),,부사(副詞),4
818,塵,ごみ,쓰레기,,명사(名詞),4
819,道,みち,길,,명사(名詞),4
820,屋上,おくじょう,옥상,,명사(名詞),4
821,食事,しょくじ,식사,,명사(名詞),4
822,戻る,もどる,되돌아가다,,동사(動詞),4
823,始まる,はじまる,시작되다,,동사(動詞),4
824,閉まる,しまる,닫히다,,동사(動詞),4
825,文章,ぶんしょう,문장,,명사(名詞),4
826,皆,みな,"모두들, 전부",,명사(名詞),4
827,朝御飯,あさごはん,아침밥,,명사(名詞),4
828,慣れる,なれる,익숙해지다,,동사(動詞),4
829,虫,むし,벌레,,명사(名詞),4
830,水道,すいどう,수도 (하수도할때),,명사(名詞),4
831,有名な,ゆうめいな,유명한,,명사(名詞),4
832,入院,にゅういん,입원,,명사(名詞),4
833,調査,ちょうさ,조사,,명사(名詞),4
834,昼ご飯,ひるごはん,점심밥,,명사(名詞),4
835,届く,とどく,"도착하다 (편지, 택배 등)",,동사(動詞),4
836,厚い,あつい,두껍다,,형용사(形容詞),4
837,下着,したぎ,속옷,,명사(名詞),4
838,親しい,したしい,친하다,,명사(名詞),4
839,講義,こうぎ,강의,,명사(名詞),4
840,孫,まご,손자,,명사(名詞),4
841,林,はやし,숲,,명사(名詞),4
842,出来る,できる,할 수 있다,,동사(動詞),4
843,胃,い,위 (몸속의),,명사(名詞),4
844,五日,いつか,"5일",,수사(数詞),4
845,怪我,けが,부상,,명사(名詞),4
846,神社,じんじゃ,신사 (신이있는),,명사(名詞),4
847,家族,かぞく,가족,,명사(名詞),4
848,綺麗,きれい,예쁘다,,형용사(形容詞),4
849,選ぶ,えらぶ,선택하다,,동사(動詞),4
850,舌,した,혀,,명사(名詞),4
851,今回は,こんかいは,이번에는,,명사(名詞)+조사(は」),4
852,賛成,さんせい,찬성,,명사(名詞),4
853,折れる,おれる,부러지다,,동사(動詞),4
854,間,あいだ,사이,,명사(名詞),4
855,捨てる,すてる,버리다,,동사(動詞),4
856,あそこ,,그쪽,,대명사(代名詞),4
857,喧嘩,けんか,싸움,,명사(名詞),4
858,以内,いない,이내,,부사(副詞),4
859,わざと,,"일부러, 고의로",,부사(副詞),4
860,電報,でんぽう,전보,,명사(名詞),4
861,晩,ばん,저녁,,명사(名詞),4
862,酔う,よう,취하다,,동사(動詞),4
863,終わり,おわり,끝,,명사(名詞),4
864,部屋,へや,방,,명사(名詞),4
865,切手,きって,"우표, 수표",,명사(名詞),4
866,まずは,,우선은,,부사(副詞),4
867,形,かたち,모양,,명사(名詞),4
868,将来,しょうらい,장래,,명사(名詞),4
869,あっち,,저쪽,,대명사(代名詞),4
870,冷蔵庫,れいぞうこ,냉장고,,명사(名詞),4
871,熱い,あつい,뜨겁다,,형용사(形容詞),4
872,趣味,しゅみ,취미,,명사(名詞),4
873,安全,あんぜん,안전,,명사(名詞),4
874,野菜,やさい,야채,,명사(名詞),4
875,恥ずかしい,はずかしい,부끄럽다,,형용사(形容詞),4
876,土曜日,どようび,토요일,,명사(名詞),4
877,授業,じゅぎょう,수업,,명사(名詞),4
878,テレビ番組,てれびばんぐみ,TV프로,,명사(名詞),4
879,建てる,たてる,세우다 (건물등),,명사(名詞),4
880,指,ゆび,손가락,,명사(名詞),4
881,歌,うた,노래,,명사(名詞),4
882,席,せき,자리,,명사(名詞),4
883,嘘,うそ,거짓말,,명사(名詞),4
884,穿く,はく,"입다(바지), 신다(신발)",,동사(動詞),4
885,旅,たび,여행,,명사(名詞),4
886,手袋,てぶくろ,장갑,,명사(名詞),4
887,生産,せいさん,생산,,명사(名詞),4
888,大きな,おおきな,큰,,수식어(連体詞),4
889,線,せん,선,,명사(名詞),4
890,疲れる,つかれる,지치다,,동사(動詞),4
891,以前,いぜん,이전,,명사(名詞),4
892,祖母,そぼ,할머니,,명사(名詞),4
893,約束,やくそく,약속,,명사(名詞),4
894,方法,ほうほう,방법,,명사(名詞),4
895,暇,ひま,한가한 시간,,명사(名詞),4
897,昼寝,ひるね,낮잠,,명사(名詞),4
898,遂に,ついに,마침내,,부사(副詞),3
899,宴会,えんかい,연회,,명사(名詞),3
900,上司,じょうし,(직장)상사,,명사(名詞),3
901,合計,ごうけい,합계,,명사(名詞),3
902,破る,やぶる,"깨다, 깨뜨리다",,명사(名詞),3
903,芸術,げいじゅつ,예술,,명사(名詞),3
904,味方,みかた,"자기편, 아군",,명사(名詞),3
906,当時,とうじ,당시,,명사(名詞),3
907,違い,ちがい,"틀림, 차이",,명사(名詞),3
908,事情,じじょう,사정,,명사(名詞),3
909,騒ぎ,さわぎ,소란,,명사(名詞),3
910,運賃,うんちん,운임 (교통비),,명사(名詞),3
911,縮小,しゅくしょう,축소,,명사(名詞),3
912,特性,とくせい,특성,,명사(名詞),3
913,迷子,まいご,미아,,명사(名詞),3
914,行う,おこなう,행하다,,명사(名詞),3
915,座席,ざせき,좌석,,명사(名詞),3
916,徹底,てってい,철저,,명사(名詞),3
917,調子,ちょうし,상태,,명사(名詞),3
918,表面,ひょうめん,표면,,명사(名詞),3
919,楽器,がっき,악기,,명사(名詞),3
920,気味,きみ,"기미, 기분",,명사(名詞),3
921,母親,ははおや,모친,,명사(名詞),3
922,物質,ぶっしつ,물질,,명사(名詞),3
923,経営,けいえい,경영,,명사(名詞),3
924,隠す,かくす,감추다,,동사(動詞),3
925,表現,ひょうげん,표현,,명사(名詞),3
926,想像,そうぞう,상상,,명사(名詞),3
927,嚔,くしゃみ,재채기,,명사(名詞),3
928,刀,かたな,(싸움용) 칼,,명사(名詞),3
929,貰う,もらう,받다,,동사(動詞),3
930,不平,ふへい,불평,,명사(名詞),3
932,給料,きゅうりょう,급료 (봉급),,명사(名詞),3
933,泡,あわ,거품,,명사(名詞),3
934,伸びる,のびる,"늘어나다, 자라다",,동사(動詞),3
935,価値,かち,가치,,명사(名詞),3
936,才能,さいのう,재능,,명사(名詞),3
937,幸運,こううん,행운,,명사(名詞),3
938,前方,ぜんぽう,전방,,명사(名詞),3
939,部分,ぶぶん,부분,,명사(名詞),3
940,備える,そなえる,대비(준비)하다,,동사(動詞),3
941,信じる,しんじる,믿다,,동사(動詞),3
942,繰り返す,くりかえす,반복하다,,동사(動詞),3
943,親,おや,부모,,명사(名詞),3
944,祭,まつり,"축제, 잔치",,명사(名詞),3
945,食う,くう,먹다,,동사(動詞),3
946,最高,さいこう,최고,,명사(名詞),3
947,単科大学,たんかだいがく,단과대학,,명사(名詞),3
948,通り,とおり,길,,명사(名詞),3
949,出勤,しゅっきん,출근,,명사(名詞),3
950,布団,ふとん,이불,,명사(名詞),3
951,恋人,こいびと,연인,,명사(名詞),3
952,足跡,あしあと,"발자취, 발자국",,명사(名詞),3
953,真剣に,しんけんに,진지하게,,명사(名詞),3
954,逆,ぎゃく,반대,,명사(名詞),3
955,財産,ざいさん,재산,,명사(名詞),3
957,涙,なみだ,눈물,,명사(名詞),3
958,滅多に,めったに,좀처럼,,부사(副詞),3
959,前進,ぜんしん,전진,,명사(名詞),3
960,成る,なる,되다,,동사(動詞),3
961,政府,せいふ,정부,,명사(名詞),3
962,仲,なか,사이,,명사(名詞),3
963,症状,しょうじょう,증상,,명사(名詞),3
964,解く,とく,풀다,,동사(動詞),3
965,被る,かぶる,쓰다,,동사(動詞),3
966,主張,しゅちょう,주장,,명사(名詞),3
967,抜く,ぬく,"뽑다, 빼내다",,동사(動詞),3
968,解ける,とける,풀리다,,동사(動詞),3
969,恩,おん,은혜,,명사(名詞),3
970,実際,じっさい,실제,,명사(名詞),3
971,絵画,かいが,회화 (미술에서),,명사(名詞),3
972,年間,ねんかん,연간,,명사(名詞),3
973,勝ち,かち,"이김, 승",,명사(名詞),3
974,表情,ひょうじょう,표정,,명사(名詞),3
975,風呂,ふろ,욕조,,명사(名詞),3
976,羨ましい,うらやましい,부럽다,,형용사(形容詞),3
977,現実,げんじつ,현실,,명사(名詞),3
978,見舞い,みまい,"문안, 문병",,명사(名詞),3
979,大統領,だいとうりょう,대통령,,명사(名詞),3
980,掛け算,かけざん,곱셈,,명사(名詞),3
981,偉大,いだい,위대,,명사(名詞),3
982,意義,いぎ,"의의, 뜻",,명사(名詞),3
983,片道,かたみち,편도,,명사(名詞),3
984,全く,まったく,전혀,,부사(副詞),3
985,出身,しゅっしん,출신,,명사(名詞),3
986,売り切れ,うりきれ,매진,,명사(名詞),3
987,事前に,じぜんに,사전에,,부사(副詞),3
988,校庭,こうてい,교정(학교의),,명사(名詞),3
989,地位,ちい,지위,,명사(名詞),3
990,主要,しゅよう,주요,,명사(名詞),3
991,教わる,おそわる,배우다,,동사(動詞),3
992,更に,さらに,"게다가, 더욱",,부사(副詞),3
993,合わせる,あわせる,"맞추다, 맞게하다",,동사(動詞),3
994,指定,してい,지정,,명사(名詞),3
995,農民,のうみん,농민,,명사(名詞),3
996,起こる,おこる,발생하다,,동사(動詞),3
997,明ける,あける,"(날이) 새다, 밝아지다",,동사(動詞),3
998,氏名,しめい,성명 (성과 이름),,명사(名詞),3
1000,地下,ちか,지하,,명사(名詞),3
1001,内,うち,안,,명사(名詞),3
1002,機関,きかん,기관,,명사(名詞),3
1003,明後日,あさって,모레,,명사(名詞),3
1004,実現,じつげん,실현,,명사(名詞),3
1005,既に,すでに,"이미, 벌써",,명사(名詞),3
1006,定期,ていき,정기,,명사(名詞),3
1007,化学,かがく,화학,,명사(名詞),3
1008,種,たね,씨,,명사(名詞),3
1009,人類,じんるい,인류,,명사(名詞),3
1010,掴む,つかむ,잡다,,동사(動詞),3
1011,のんびり,,한가로이,,부사(副詞),3
1012,叫ぶ,さけぶ,외치다,,동사(動詞),3
1013,支店,してん,지점,,명사(名詞),3
1014,宝,たから,보물,,명사(名詞),3
1015,夫人,ふじん,부인,,명사(名詞),3
1017,関連,かんれん,관련,,명사(名詞),3
1018,実行,じっこう,실행,,명사(名詞),3
1020,発見,はっけん,발견,,명사(名詞),3
1021,血液,けつえき,혈액,,명사(名詞),3
1022,医療,いりょう,의료,,명사(名詞),3
1023,博物館,はくぶつかん,박물관,,명사(名詞),3
1024,温室,おんしつ,온실,,명사(名詞),3
1025,奪う,うばう,빼앗다,,동사(動詞),3
1026,日光,にっこう,일광,,명사(名詞),3
1027,事件,じけん,사건,,명사(名詞),3
1028,僕,ぼく,나 (남자의 자칭),,명사(名詞),3
1029,会計,かいけい,"회계, 계산",,명사(名詞),3
1030,故障,こしょう,고장,,명사(名詞),3
1031,望む,のぞむ,소망하다,,동사(動詞),3
1032,大使,たいし,대사 (외교관),,명사(名詞),3
1033,科目,かもく,과목,,명사(名詞),3
1034,浴びる,あびる,뒤짚어쓰다,,동사(動詞),3
1035,保存,ほぞん,보존,,명사(名詞),3
1036,少しも,すこしも,조금도,,부사(副詞),3
1037,冒険,ぼうけん,모험,,동사(動詞),3
1038,代金,だいきん,대금,,명사(名詞),3
1039,鍋,なべ,냄비,,명사(名詞),3
1040,事務,じむ,사무,,명사(名詞),3
1041,通行,つうこう,통행,,명사(名詞),3
1042,憧れる,あこがれる,동경하다,,동사(動詞),3
1043,消防,しょうぼう,소방,,명사(名詞),3
1045,迷惑,めいわく,민폐,,명사(名詞),3
1047,切れる,きれる,"끊어지다, 잘리다",,동사(動詞),3
1048,差,さ,"차, 차이",,명사(名詞),3
1049,記入,きにゅう,기입,,명사(名詞),3
1050,家具,かぐ,가구,,명사(名詞),3
1051,誤解,ごかい,오해,,명사(名詞),3
1052,劇場,げきじょう,극장,,명사(名詞),3
1053,一生,いっしょう,"일생, 평생",,명사(名詞),3
1054,任せる,まかせる,맡기다,,동사(動詞),3
1055,体温,たいおん,체온,,명사(名詞),3
1056,学期,がっき,학기,,명사(名詞),3
1057,腐る,くさる,"썩다, 상하다",,동사(動詞),3
1058,地方,ちほう,지방,,명사(名詞),3
1059,希望,きぼう,희망,,명사(名詞),3
1060,挙げる,あげる,들다,,동사(動詞),3
1061,実施,じっし,실시,,명사(名詞),3
1062,失業,しつぎょう,실업,,명사(名詞),3
1063,感謝,かんしゃ,감사,,명사(名詞),3
1064,負け,まけ,"패배, 짐",,명사(名詞),3
1065,覚める,さめる,눈이뜨이다,,동사(動詞),3
1066,作家,さっか,작가,,명사(名詞),3
1067,可能,かのう,가능,,형용사(形容詞),3
1068,有能,ゆうのう,유능,,형용사(形容詞),3
1070,支払う,しはらう,지불하다,,동사(動詞),3
1071,筆,ふで,붓,,명사(名詞),3
1072,続き,つづき,계속,,명사(名詞),3
1073,夫婦,ふうふ,부부,,명사(名詞),3
1075,誘う,さそう,권유하다,,동사(動詞),3
1076,明確に,めいかくに,명확히,,부사(副詞),3
1077,出現,しゅつげん,출현,,명사(名詞),3
1078,私立,しりつ,사립,,명사(名詞),3
1079,河川,かせん,하천,,명사(名詞),3
1080,釣,つり,낚시,,명사(名詞),3
1082,応募,おうぼ,응모,,명사(名詞),3
1083,地面,じめん,지면,,명사(名詞),3
1084,不可,ふか,불가,,명사(名詞),3
1086,噂,うわさ,소문,,명사(名詞),3
1087,生き物,いきもの,생물,,명사(名詞),3
1088,活気,かっき,활기,,명사(名詞),3
1089,就活,しゅうかつ,취활,,명사(名詞),3
1090,賢い,かしこい,영리하다,,형용사(形容詞),3
1091,城,しろ,성,,명사(名詞),3
1092,信号,しんごう,신호,,명사(名詞),3
1093,天候,てんこう,날씨,,명사(名詞),3
1094,書店,しょてん,서점,,명사(名詞),3
1095,暗記,あんき,암기,,명사(名詞),3
1096,条件,じょうけん,조건,,명사(名詞),3
1097,年月,としつき,"연월, 세월",,명사(名詞),3
1099,地平線,ちへいせん,지평선,,명사(名詞),3
1100,工学,こうがく,공학,,명사(名詞),3
1101,余分,よぶん,여분,,명사(名詞),3
1102,生まれ,うまれ,"탄생, 출생",,명사(名詞),3
1104,年齢,ねんれい,연령,,명사(名詞),3
1105,苦手,にがて,서투름,,형용사(形容詞),3
1106,単なる,たんなる,단순한,,형용동사(形容動詞),3
1107,真っ赤,まっか,새빨감,,명사(名詞),3
1109,悲しむ,かなしむ,슬퍼하다,,동사(動詞),3
1110,住居,じゅうきょ,주거,,명사(名詞),3
1111,単語,たんご,단어,,명사(名詞),3
1112,位置,いち,위치,,명사(名詞),3
1113,屋根,やね,지붕,,명사(名詞),3
1114,救う,すくう,구(원)하다,,동사(動詞),3
1115,柄,がら,"분수, 무늬",,명사(名詞),3
1117,煙,けむり,연기,,명사(名詞),3
1118,邪魔,じゃま,방해,,명사(名詞),3
1119,演劇,えんげき,연극,,명사(名詞),3
1120,兎,うさぎ,토끼,,명사(名詞),3
1121,現金,げんきん,현금,,명사(名詞),3
1122,感覚,かんかく,감각,,명사(名詞),3
1123,比較,ひかく,비교,,명사(名詞),3
1124,描く,えがく,그리다,,동사(動詞),3
1125,怠ける,なまける,게으름 피우다,,동사(動詞),3
1126,名,な,이름,,명사(名詞),3
1127,回収,かいしゅう,회수,,명사(名詞),3
1128,恐ろしい,おそろしい,두렵다,,형용사(形容詞),3
1129,記念,きねん,기념,,명사(名詞),3
1130,最低,さいてい,"최저, 최하",,명사(名詞),3
1131,熱心,ねっしん,열심,,명사(名詞),3
1132,思い出,おもいで,추억,,명사(名詞),3
1133,足元,あしもと,발밑,,명사(名詞),3
1134,稼ぐ,かせぐ,벌다,,동사(動詞),3
1135,両替,りょうがえ,환전,,명사(名詞),3
1136,読書,どくしょ,독서,,명사(名詞),3
1138,諦める,あきらめる,포기하다,,동사(動詞),3
1139,快適,かいてき,쾌적,,명사(名詞),3
1140,家宅,かたく,귀택 (귀가),,명사(名詞),3
1141,退屈,たいくつ,지루함,,형용동사(形容動詞),3
1142,見事,みごと,"훌륭함, 멋짐",,형용사(形容詞),3
1143,割り算,わりざん,나눗셈,,명사(名詞),3
1144,痒い,かゆい,가렵다,,형용사(形容詞),3
1145,女子,じょし,여자,,명사(名詞),3
1146,態と,わざと,"일부러, 고의로",,부사(副詞),3
1147,最中,さいちゅう,한창,,명사(名詞),3
1148,携帯,けいたい,휴대(전화),,명사(名詞),3
1149,感動,かんどう,감동,,명사(名詞),3
1150,重たい,おもたい,무겁다,,형용사(形容詞),3
1151,前者,ぜんしゃ,전자,,명사(名詞),3
1152,速達,そくたつ,속달,,명사(名詞),3
1153,合格,ごうかく,합격,,명사(名詞),3
1154,共通,きょうつう,공통,,명사(名詞),3
1155,能力,のうりょく,능력,,명사(名詞),3
1156,書類,しょるい,서류,,명사(名詞),3
1157,営業,えいぎょう,영업,,명사(名詞),3
1158,訓練,くんれん,훈련,,명사(名詞),3
1159,薄暗い,うすぐらい,어둑어둑하다,,형용사(形容詞),3
1160,困難,こんなん,곤란,,명사(名詞),3
1161,正午,しょうご,정오,,명사(名詞),3
1162,火災,かさい,화재,,명사(名詞),3
1163,全身,ぜんしん,전신,,명사(名詞),3
1164,思い込む,おもいこむ,"마음먹다, 믿어버리다",,동사(動詞),3
1166,人生,じんせい,인생,,명사(名詞),3
1167,予防,よぼう,예방,,명사(名詞),3
1168,愛,あい,사랑,,명사(名詞),3
1169,たっぷり,,듬뿍,,명사(名詞),3
1170,相手,あいて,상대,,명사(名詞),3
1171,販売,はんばい,판매,,명사(名詞),3
1172,現在,げんざい,현재,,명사(名詞),3
1175,海外,かいがい,해외,,명사(名詞),3
1176,缶,かん,깡통,,명사(名詞),3
1177,回復,かいふく,회복,,명사(名詞),3
1178,鎖,くさり,"사슬, 체인",,명사(名詞),3
1179,止す,よす,중지하다,,동사(動詞),3
1182,空っぽ,からっぽ,텅빔,,명사(名詞),3
1183,議員,ぎいん,의원,,명사(名詞),3
1184,協力,きょうりょく,협력,,명사(名詞),3
1186,職場,しょくば,직장,,명사(名詞),3
1187,行列,ぎょうれつ,행렬,,명사(名詞),3
1188,大気,たいき,대기,,명사(名詞),3
1189,飛行,ひこう,비행,,명사(名詞),3
1190,演奏,えんそう,연주,,명사(名詞),3
1191,望み,のぞみ,소망,,명사(名詞),3
1192,始まり,はじまり,시작,,명사(名詞),3
1193,履く,はく,신다,,동사(動詞),3
1194,青春,せいしゅん,청춘,,명사(名詞),3
1195,暮らす,くらす,지내다 (살다),,동사(動詞),3
1196,税,ぜい,세,,명사(名詞),3
1197,前日,ぜんじつ,"얼마 전, 요전",,명사(名詞),3
1198,差別,さべつ,차별,,명사(名詞),3
1199,"従兄弟, 従姉妹",いとこ,사촌,,명사(名詞),3
1202,握手,あくしゅ,악수,,명사(名詞),3
1203,量,りょう,양,,명사(名詞),3
1204,夜中,よなか,한밤중,,명사(名詞),3
1205,性格,せいかく,성격,,명사(名詞),3
1206,横切る,よこぎる,가로지르다,,동사(動詞),3
1208,値段,ねだん,가격,,명사(名詞),3
1209,太陽,たいよう,태양,,명사(名詞),3
1210,次々,つぎつぎ,"차례차례, 잇달아",,부사(副詞),3
1211,決心,けっしん,결심,,명사(名詞),3
1212,少年,しょうねん,소년,,명사(名詞),3
1213,拡大,かくだい,확대,,명사(名詞),3
1214,容易,ようい,"용이, 손쉬움",,명사(名詞),3
1215,助かる,たすかる,"살아나다, 도움이되다",,동사(動詞),3
1216,代表,だいひょう,대표,,명사(名詞),3
1217,降ろす,おろす,내리다,,동사(動詞),3
1218,問い,とい,물음,,명사(名詞),3
1219,判断,はんだん,판단,,명사(名詞),3
1220,納得,なっとく,납득,,명사(名詞),3
1221,外交,がいこう,외교,,명사(名詞),3
1222,環境,かんきょう,환경,,명사(名詞),3
1223,型,かた,형 (형태),,명사(名詞),3
1224,友人,ゆうじん,친구,,명사(名詞),3
1225,発表,はっぴょう,발표,,명사(名詞),3
1226,地球,ちきゅう,지구,,명사(名詞),3
1227,文句,もんく,"불평, 불만",,명사(名詞),3
1228,集まり,あつまり,모임,,명사(名詞),3
1229,会員,かいいん,회원,,명사(名詞),3
1230,学問,がくもん,학문,,명사(名詞),3
1231,頃,ころ,"때, 무렵, 경",,명사(名詞),3
1232,暫く,しばらく,"잠깐만, 당분간",,부사(副詞),3
1233,冷静,れいせい,냉정,,명사(名詞),3
1234,毒,どく,독,,명사(名詞),3
1235,資本,しほん,자본,,명사(名詞),3
1236,診察,しんさつ,진찰,,명사(名詞),3
1237,奥,おく,"안, 속",,명사(名詞),3
1238,換える,かえる,"바꾸다, 교환하다",,동사(動詞),3
1239,癖,くせ,버릇,,명사(名詞),3
1240,死亡,しぼう,사망,,명사(名詞),3
1241,常識,じょうしき,상식,,명사(名詞),3
1242,温度,おんど,온도,,명사(名詞),3
1243,感想,かんそう,감상,,명사(名詞),3
1244,見当,けんとう,"가늠, 짐작",,명사(名詞),3
1245,分野,ぶんや,분야,,명사(名詞),3
1246,波,なみ,파도,,명사(名詞),3
1247,残り,のこり,남은 것,,명사(名詞),3
1248,虫歯,むしば,충치,,명사(名詞),3
1249,さっぱり,,"산뜻한, 담백한, 전혀",,부사(副詞),3
1250,必死に,ひっしに,필사적으로,,부사(副詞),3
1251,通学,つうがく,통학,,명사(名詞),3
1252,秘密,ひみつ,비밀,,명사(名詞),3
1253,別に,べつに,그다지,,부사(副詞),3
1254,巨大な,きょだいな,거대한,,형용동사(形容動詞),3
1255,案外,あんがい,안외 (생각외로),,명사(名詞),3
1258,休憩,きゅうけい,"휴게, 휴식",,명사(名詞),3
1261,必ずしも,かならずしも,반드시,,부사(副詞),3
1262,睡眠,すいみん,수면,,명사(名詞),3
1264,婚約,こんやく,혼약 (약혼),,명사(名詞),3
1265,利口,りこう,영리함,,명사(名詞),3
1267,痛み,いたみ,"아픔, 통증",,명사(名詞),3
1268,飽きる,あきる,싫증나다,,동사(動詞),3
1269,普段,ふだん,평소,,명사(名詞),3
1270,事実,じじつ,사실,,명사(名詞),3
1271,結局,けっきょく,결국,,명사(名詞),3
1272,完了,かんりょう,완료,,명사(名詞),3
1273,物語,ものがたり,이야기,,명사(名詞),3
1274,体力,たいりょく,체력,,명사(名詞),3
1275,機械,きかい,기계,,명사(名詞),3
1276,追う,おう,쫓다,,동사(動詞),3
1277,提案,ていあん,제안,,명사(名詞),3
1278,患者,かんじゃ,환자,,명사(名詞),3
1279,分ける,わける,나누다,,동사(動詞),3
1280,天然,てんねん,천연,,명사(名詞),3
1281,以後,いご,이후,,명사(名詞),3
1282,食欲,しょくよく,식욕,,명사(名詞),3
1283,地,ち,땅,,명사(名詞),3
1284,転がる,ころがる,"구르다, 자빠지다",,동사(動詞),3
1285,程度,ていど,정도,,명사(名詞),3
1286,うっかり,,깜빡,,명사(名詞),3
1287,大抵,たいてい,"대개, 대부분",,부사(副詞),3
1288,出来るだけ,できるだけ,가능한한,,부사(副詞),3
1289,種類,しゅるい,종류,,명사(名詞),3
1290,疑問,ぎもん,의문,,명사(名詞),3
1291,以来,いらい,"이래, 이후",,명사(名詞),3
1292,父親,ちちおや,부친,,명사(名詞),3
1293,教科書,きょうかしょ,교과서,,명사(名詞),3
1294,区間,くかん,구간,,명사(名詞),3
1295,同時,どうじ,동시,,명사(名詞),3
1296,幼い,おさない,"어리다, 미숙하다",,형용사(形容詞),3
1297,叩く,たたく,두드리다,,동사(動詞),3
1298,急に,きゅうに,갑자기,,부사(副詞),3
1300,乗車,じょうしゃ,승차,,명사(名詞),3
1301,お昼,おひる,"낮, 점심",,명사(名詞),3
1302,注ぐ,そそぐ,"쏟다, 붓다",,동사(動詞),3
1305,喜び,よろこび,기쁨,,명사(名詞),3
1306,嫌がる,いやがる,싫어하다,,동사(動詞),3
1307,丘,おか,언덕,,명사(名詞),3
1308,文明,ぶんめい,문명,,명사(名詞),3
1309,個人,こじん,개인,,명사(名詞),3
1310,自身,じしん,자신,,명사(名詞),3
1311,運,うん,"운, 운수",,명사(名詞),3
1312,周辺,しゅうへん,주변,,명사(名詞),3
1314,女優,じょゆう,여배우 (직:여우),,명사(名詞),3
1315,駐車,ちゅうしゃ,주차,,명사(名詞),3
1318,不満,ふまん,불만,,명사(名詞),3
1319,悔しい,くやしい,분하다,,형용사(形容詞),3
1320,作業,さぎょう,작업,,명사(名詞),3
1321,参加,さんか,참가,,명사(名詞),3
1323,輸入,ゆにゅう,수입,,명사(名詞),3
1324,基本,きほん,기본,,명사(名詞),3
1325,料金,りょうきん,요금,,명사(名詞),3
1328,寄付,きふ,기부,,명사(名詞),3
1329,夜明け,よあけ,새벽,,명사(名詞),3
1330,罪,つみ,죄,,명사(名詞),3
1331,積もり,つもり,견적,,동사(動詞),3
1332,範囲,はんい,범위,,명사(名詞),3
1335,人工,じんこう,인공,,명사(名詞),3
1336,身長,しんちょう,신장 (키),,명사(名詞),3
1337,出会う,であう,만나다,,동사(動詞),3
1338,菓子,かし,과자,,명사(名詞),3
1339,寿命,じゅみょう,수명,,명사(名詞),3
1340,除く,のぞく,"제외하다, 제거하다",,동사(動詞),3
1342,独立,どくりつ,독립,,명사(名詞),3
1343,市場,いちば,시장,,명사(名詞),3
1344,立派な,りっぱな,훌륭한,,형용사(形容詞),3
1345,上京,じょうきょう,상경,,명사(名詞),3
1346,活用,かつよう,활용,,명사(名詞),3
1347,面倒,めんどう,"돌봄, 귀찮음",,명사(名詞),3
1348,囲む,かこむ,둘러싸다,,동사(動詞),3
1349,責任,せきにん,책임,,명사(名詞),3
1350,広がる,ひろがる,넓어지다,,동사(動詞),3
1351,注目,ちゅうもく,주목,,명사(名詞),3
1352,多分,たぶん,아마,,명사(名詞),3
1353,濃い,こい,짙다,,형용사(形容詞),3
1355,発明,はつめい,발명,,명사(名詞),3
1356,末っ子,すえっこ,막내,,명사(名詞),3
1357,鋭い,するどい,날카롭다,,형용사(形容詞),3
1358,確認,かくにん,확인,,명사(名詞),3
1359,意外,いがい,의외,,명사(名詞),3
1360,食料,しょくりょう,식료,,명사(名詞),3
1361,避ける,さける,피하다,,동사(動詞),3
1362,陰,かげ,그늘,,명사(名詞),3
1363,道路,どうろ,도로,,명사(名詞),3
1365,栄養,えいよう,영양,,명사(名詞),3
1366,相談,そうだん,상담,,명사(名詞),3
1367,申請,しんせい,신청,,명사(名詞),3
1368,反抗,はんこう,반항,,명사(名詞),3
1369,欠点,けってん,결점,,명사(名詞),3
1370,企業,きぎょう,기업,,명사(名詞),3
1371,泥,どろ,진흙,,명사(名詞),3
1372,成長,せいちょう,성장,,명사(名詞),3
1373,無料,むりょう,무료,,명사(名詞),3
1374,気温,きおん,기온,,명사(名詞),3
1375,大会,たいかい,대회,,명사(名詞),3
1377,無事に,ぶじに,무사히,,부사(副詞),3
1378,会合,かいごう,회합,,명사(名詞),3
1380,時期,じき,시기 (시간의 시기),,명사(名詞),3
1381,実は,じつは,"실은, 사실은",,부사(副詞),3
1382,登山,とざん,등산,,명사(名詞),3
1383,努力,どりょく,노력,,명사(名詞),3
1384,神,かみ,신,,명사(名詞),3
1385,検査,けんさ,검사,,명사(名詞),3
1386,粉,こな,"가루, 분말",,명사(名詞),3
1387,見送り,みおくり,배웅,,명사(名詞),3
1388,酷い,ひどい,심하다,,형용사(形容詞),3
1389,詳しい,くわしい,상세하다,,형용사(形容詞),3
1390,期待,きたい,기대,,명사(名詞),3
1391,"80年代",はちじゅうねんだい,"80년대",,명사(名詞),3
1392,節約,せつやく,절약,,명사(名詞),3
1393,改善,かいぜん,개선,,명사(名詞),3
1394,助ける,たすける,"구하다, 돕다",,동사(動詞),3
1395,寧ろ,むしろ,차라리,,부사(副詞),3
1396,教師,きょうし,교사,,명사(名詞),3
1397,捕まる,つかまる,붙잡히다,,동사(動詞),3
1398,影,かげ,그림자,,명사(名詞),3
1400,皿,さら,접시,,명사(名詞),3
1401,湿度,しつど,습도,,명사(名詞),3
1402,公平,こうへい,공평,,명사(名詞),3
1403,鼠,ねずみ,쥐,,명사(名詞),3
1404,確実,かくじつ,확실히,,명사(名詞),3
1406,変更,へんこう,변경,,명사(名詞),3
1407,首都,しゅと,수도,,명사(名詞),3
1408,酒,さけ,술,,명사(名詞),3
1409,好み,このみ,"좋아함, 취향",,명사(名詞),3
1410,作物,さくもつ,작물,,명사(名詞),3
1411,作曲,さっきょく,작곡,,명사(名詞),3
1412,記事,きじ,(신문) 기사,,명사(名詞),3
1413,会費,かいひ,회비,,명사(名詞),3
1414,高める,たかめる,높이다,,동사(動詞),3
1415,向かい,むかい,맞은편,,명사(名詞),3
1416,偶々,たまたま,우연히,,부사(副詞),3
1419,進歩,しんぽ,진보,,명사(名詞),3
1420,内容,ないよう,내용,,명사(名詞),3
1421,お礼,おれい,(감사의) 사례,,명사(名詞),3
1422,育児,いくじ,육아,,명사(名詞),3
1423,激しい,はげしい,격하다,,형용사(形容詞),3
1424,性質,せいしつ,성질,,명사(名詞),3
1425,入場,にゅうじょう,입장,,명사(名詞),3
1426,輸出,ゆしゅつ,수출,,명사(名詞),3
1427,予測,よそく,예측,,명사(名詞),3
1428,否定,ひてい,부정,,명사(名詞),3
1429,信用,しんよう,신용,,명사(名詞),3
1430,車庫,しゃこ,차고,,명사(名詞),3
1431,都市,とし,도시,,명사(名詞),3
1432,重視,じゅうし,중시,,명사(名詞),3
1434,配達,はいたつ,배달,,명사(名詞),3
1435,尻,しり,엉덩이,,명사(名詞),3
1436,王子,おうじ,왕자,,명사(名詞),3
1437,乗客,じょうきゃく,승객,,명사(名詞),3
1438,突然,とつぜん,돌연,,명사(名詞),3
1439,数字,すうじ,숫자,,명사(名詞),3
1440,予算,よさん,예산,,명사(名詞),3
1441,明らか,あきらか,"밝음, 분명함",,명사(名詞),3
1442,筋肉,きんにく,근육,,명사(名詞),3
1443,評価,ひょうか,평가,,명사(名詞),3
1444,経つ,たつ,경과하다,,동사(動詞),3
1445,怒り,いかり,분노,,명사(名詞),3
1446,左右,さゆう,좌우,,명사(名詞),2
1447,職人,しょくにん,장인,,명사(名詞),2
1448,釣り合う,つりあう,"적합하다, 조화되다",,동사(動詞),2
1449,祖先,そせん,조상,,명사(名詞),2
1450,観察,かんさつ,관찰,,명사(名詞),2
1451,儲かる,もうかる,득이되다,,동사(動詞),2
1452,適用,てきよう,적용,,명사(名詞),2
1453,嵐,あらし,광풍,,명사(名詞),2
1454,時事,じじ,시사,,명사(名詞),2
1455,支出,ししゅつ,지출,,명사(名詞),2
1456,関係者,かんけいしゃ,관계자,,명사(名詞),2
1457,先祖,せんぞ,선조 (조상),,명사(名詞),2
1458,遠足,えんそく,소풍,,명사(名詞),2
1459,切っ掛け,きっかけ,계기,,명사(名詞),2
1460,文体,ぶんたい,문체,,명사(名詞),2
1461,組み立てる,くみたてる,조립하다,,동사(動詞),2
1462,思い切り,おもいきり,"마음껏, 실컷",,부사(副詞),2
1463,保険,ほけん,보건,,명사(名詞),2
1464,見学,けんがく,견학,,명사(名詞),2
1466,穏やか,おだやか,온화함,,명사(名詞),2
1467,斬る,きる,베다,,동사(動詞),2
1468,生命,せいめい,생명,,명사(名詞),2
1469,伴う,ともなう,동반하다,,동사(動詞),2
1470,接続,せつぞく,접속,,명사(名詞),2
1471,監視,かんし,감시,,명사(名詞),2
1472,全力,ぜんりょく,전력,,명사(名詞),2
1473,衣食住,いしょくじゅう,의식주,,명사(名詞),2
1474,敬意,けいい,경의 (를 표한다 할때),,명사(名詞),2
1475,四捨五入,ししゃごにゅう,반올림 (사사오입),,명사(名詞),2
1476,基づく,もとづく,토대로하다,,동사(動詞),2
1477,無限,むげん,무한,,명사(名詞),2
1478,憎む,にくむ,미워하다,,동사(動詞),2
1479,非常に,ひじょうに,대단히 (직:비상히),,형용동사(形容動詞),2
1480,材木,ざいもく,재목,,명사(名詞),2
1481,縮む,ちぢむ,오그라들다,,동사(動詞),2
1482,姪,めい,조카딸,,명사(名詞),2
1483,工芸,こうげい,공예,,명사(名詞),2
1484,裸,はだか,알몸,,명사(名詞),2
1485,現象,げんしょう,현상 (어떤 현상 할때),,명사(名詞),2
1486,放出,ほうしゅつ,방출,,명사(名詞),2
1487,古典,こてん,고전,,명사(名詞),2
1488,省略,しょうりゃく,생략,,명사(名詞),2
1489,青少年,せいしょうねん,청소년,,명사(名詞),2
1490,小指,こゆび,새끼손가락,,명사(名詞),2
1491,祭る,まつる,제사지내다,,동사(動詞),2
1492,典型的な,てんけいてきな,전형적인,,형용동사(形容動詞),2
1493,分解,ぶんかい,분해,,명사(名詞),2
1494,担ぐ,かつぐ,"메다, 짊어지다",,동사(動詞),2
1495,三角,さんかく,삼각,,명사(名詞),2
1496,修正,しゅうせい,수정 (고치는거),,명사(名詞),2
1497,刺す,さす,찌르다,,동사(動詞),2
1498,容器,ようき,용기 (담는그릇),,명사(名詞),2
1499,索引,さくいん,색인,,명사(名詞),2
1501,香り,かおり,향기,,명사(名詞),2
1502,響き,ひびき,"울림, 그 소리",,명사(名詞),2
1503,原始,げんし,원시 (원시인 할때),,명사(名詞),2
1504,粉食,ふんしょく,"분식 (가루로된 음식, 분식집할때)",,명사(名詞),2
1505,例える,たとえる,예를들다,,동사(動詞),2
1506,上手い,うまい,뛰어나다,,형용사(形容詞),2
1507,概論,がいろん,개론,,명사(名詞),2
1508,応対,おうたい,응대,,명사(名詞),2
1509,弱点,じゃくてん,약점,,명사(名詞),2
1511,吊る,つる,(매)달다,,동사(動詞),2
1512,血圧,けつあつ,혈압,,명사(名詞),2
1513,騒がしい,さわがしい,소란스럽다,,형용사(形容詞),2
1514,効力,こうりょく,효력,,명사(名詞),2
1515,悲劇,ひげき,비극,,명사(名詞),2
1517,直後,ちょくご,직후,,명사(名詞),2
1518,透き通る,すきとおる,비쳐보이다,,동사(動詞),2
1519,出迎える,でむかえる,마중나가다,,동사(動詞),2
1520,貸家,かしや,셋집,,명사(名詞),2
1521,生存,せいぞん,생존,,명사(名詞),2
1522,刷る,する,"찍다 (인쇄물, 판화등)",,동사(動詞),2
1523,分析,ぶんせき,분석,,명사(名詞),2
1524,児童,じどう,아동,,명사(名詞),2
1525,凹む,へこむ,움푹 파이다,,동사(動詞),2
1526,娯楽,ごらく,오락 (오락시설 하나 없는 시골 할때),,명사(名詞),2
1527,基,もと,토대,,명사(名詞),2
1528,操作,そうさ,조작,,명사(名詞),2
1529,お代わり,おかわり,먹은걸 또 주문 함,,명사(名詞),2
1530,公務,こうむ,공무,,명사(名詞),2
1531,謙遜,けんそん,겸손,,명사(名詞),2
1532,気圧,きあつ,기압,,명사(名詞),2
1533,広さ,ひろさ,넓이,,명사(名詞),2
1534,堪らない,たまらない,참을수 없다,,형용동사(形容動詞),2
1535,月給,げっきゅう,월급,,명사(名詞),2
1536,状況,じょうきょう,상황,,명사(名詞),2
1538,辞任,じにん,사임 (자리에서 물러 나는것),,명사(名詞),2
1540,浮ぶ,うかぶ,"뜨다, 떠오르다",,동사(動詞),2
1541,責める,せめる,나무라다,,동사(動詞),2
1542,務める,つとめる,(임무를) 맡다,,동사(動詞),2
1543,謙虚,けんきょ,겸허,,명사(名詞),2
1545,"1. 批判",ひはん,비판,,명사(名詞),2
1546,夜行,やこう,야행,,명사(名詞),2
1547,特徴,とくちょう,특징,,명사(名詞),2
1548,羊毛,ようもう,양모 (양의 털),,명사(名詞),2
1549,鉄橋,てっきょう,철교,,명사(名詞),2
1550,日の入り,ひのいり,일몰,,명사(名詞),2
1551,破く,やぶく,찢다,,동사(動詞),2
1552,坊さん,ぼうさん,스님,,명사(名詞),2
1553,夜間,やかん,야간,,명사(名詞),2
1554,全般的に,ぜんぱんてきに,전반적으로,,부사(副詞),2
1555,超過,ちょうか,초과,,명사(名詞),2
1556,接近,せっきん,접근,,명사(名詞),2
1557,所謂,いわゆる,이른바,,명사(名詞),2
1558,分布,ぶんぷ,분포,,명사(名詞),2
1559,泳ぎ,およぎ,수영,,명사(名詞),2
1560,刻む,きざむ,(잘게) 썰다,,동사(動詞),2
1561,留まる,とまる,머물다,,동사(動詞),2
1562,引っ張る,ひっぱる,끌다,,동사(動詞),2
1563,退く,どく,"물러나다, 비키다",,동사(動詞),2
1564,日程,にってい,일정,,명사(名詞),2
1566,分数,ぶんすう,분수 (수학에서),,명사(名詞),2
1567,蒸気,じょうき,증기,,명사(名詞),2
1568,待ち合わせる,まちあわせる,만나기로 하다,,동사(動詞),2
1569,侵入,しんにゅう,침입,,동사(動詞),2
1570,眺める,ながめる,바라보다,,동사(動詞),2
1571,末,すえ,마지막,,명사(名詞),2
1572,文脈,ぶんみゃく,문맥,,명사(名詞),2
1573,卓球,たっきゅう,탁구,,명사(名詞),2
1574,北極,ほっきょく,북극,,명사(名詞),2
1575,冷凍,れいとう,냉동,,명사(名詞),2
1576,殴る,なぐる,때리다,,동사(動詞),2
1577,我慢できない,がまんできない,못 참겠어,,명사(名詞)+동사(動詞),2
1578,例題,れいだい,예제 (예로 나온 문제),,명사(名詞),2
1579,葬式,そうしき,장례식,,명사(名詞),2
1580,予感,よかん,예감,,명사(名詞),2
1581,金属,きんぞく,금속,,명사(名詞),2
1582,改造,かいぞう,개조,,명사(名詞),2
1583,大通り,おおどおり,큰 거리,,명사(名詞),2
1584,開会,かいかい,개회,,명사(名詞),2
1585,著書,ちょしょ,저서,,명사(名詞),2
1586,強化,きょうか,강화,,명사(名詞),2
1587,腰掛ける,こしかける,걸터앉다,,동사(動詞),2
1588,属性,ぞくせい,속성,,명사(名詞),2
1589,訪問,ほうもん,방문,,명사(名詞),2
1590,年俸,ねんぽう,연봉,,명사(名詞),2
1591,剃る,そる,면도하다,,동사(動詞),2
1594,焦げる,こげる,타다 (고기가 타다 할때),,동사(動詞),2
1595,消毒,しょうどく,소독,,동사(動詞),2
1596,信ずる,しんずる,믿다,,동사(動詞),2
1597,共産,きょうさん,공산 (재산의 공동소유),,동사(動詞),2
1598,構わない,かまわない,상관없어,,부정동사,2
1599,有効,ゆうこう,유효,,형용동사(形容動詞),2
1600,自治,じち,자치 (지방자치 단체할때),,명사(名詞),2
1601,掻く,かく,긁다,,동사(動詞),2
1602,鑑賞,かんしょう,감상,,명사(名詞),2
1603,専制,せんせい,전제,,명사(名詞),2
1604,整備,せいび,정비,,명사(名詞),2
1605,商店,しょうてん,상점,,명사(名詞),2
1606,状態,じょうたい,상태,,명사(名詞),2
1607,突き当たり,つきあたり,부딪치다,,동사(動詞),2
1608,皺,しわ,주름,,명사(名詞),2
1609,引っ掛かる,ひっかかる,"걸리다 (풍선이 전선에, 검문에 등)",,동사(動詞),2
1610,原稿,げんこう,원고 (레포트),,명사(名詞),2
1611,可決,かけつ,가결,,명사(名詞),2
1612,妥当,だとう,타당,,명사(名詞),2
1613,同僚,どうりょう,동료,,명사(名詞),2
1614,標識,ひょうしき,표지판,,명사(名詞),2
1616,代る,かわる,대신하다,,동사(動詞),2
1617,忽ち,たちまち,"홀연, 갑자기",,부사(副詞),2
1618,中旬,ちゅうじゅん,중순,,명사(名詞),2
1619,構成,こうせい,구성,,명사(名詞),2
1620,歯車,はぐるま,톱니바퀴,,명사(名詞),2
1621,煮える,にえる,익다,,동사(動詞),2
1622,制作,せいさく,제작,,명사(名詞),2
1623,夕刊,ゆうかん,석간 (저녁신문 줄임말),,명사(名詞),2
1624,撒く,まく,뿌리다,,동사(動詞),2
1625,扇子,せんす,부채 (여름에쓰는),,명사(名詞),2
1626,引き止める,ひきとめる,"만류하다, 말리다",,명사(名詞),2
1627,探ぐる,さぐる,"뒤지다, 찾다",,동사(動詞),2
1628,消防署,しょうぼうしょ,소방서,,명사(名詞),2
1629,屋外,おくがい,옥외,,명사(名詞),2
1631,負担,ふたん,부담,,명사(名詞),2
1632,湿気,"しっき, しっけ",습기,,명사(名詞),2
1633,日用品,にちようひん,일용품,,명사(名詞),2
1634,童話,どうわ,(어린이) 동화,,명사(名詞),2
1637,蛍光灯,けいこうとう,형광등,,명사(名詞),2
1638,帰す,かえす,돌려보내다,,동사(動詞),2
1639,認める,みとめる,인정하다,,동사(動詞),2
1640,座布団,ざぶとん,방석,,명사(名詞),2
1641,客間,きゃくま,응접실,,명사(名詞),2
1642,点数,てんすう,점수,,명사(名詞),2
1643,空想,くうそう,공상,,명사(名詞),2
1644,丸で,まるで,마치,,부사(副詞),2
1645,地下水,ちかすい,지하수,,명사(名詞),2
1646,巫山戯る,ふざける,까불다,,동사(動詞),2
1647,公害,こうがい,공해,,명사(名詞),2
1648,独り言,ひとりごと,혼잣말,,명사(名詞),2
1649,人事,じんじ,인사 (인사팀 신입사원 할때),,명사(名詞),2
1650,目次,もくじ,목차,,명사(名詞),2
1651,閉会,へいかい,폐회,,명사(名詞),2
1652,歌謡,かよう,가요 (대중가요할때),,명사(名詞),2
1653,損害,そんがい,손해,,명사(名詞),2
1654,象徴,しょうちょう,상징,,명사(名詞),2
1655,発つ,たつ,"출발하다, 떠나다",,동사(動詞),2
1656,辺り,あたり,근처,,명사(名詞),2
1657,早速,さっそく,즉시,,부사(副詞),2
1658,爽やかな,さわやかな,시원한,,형용동사(形容動詞),2
1659,下線,かせん,밑줄,,명사(名詞),2
1660,用語,ようご,용어,,명사(名詞),2
1661,苦痛,くつう,고통,,명사(名詞),2
1662,公共,こうきょう,공공,,명사(名詞),2
1663,幾分,いくぶん,일부분,,부사(副詞),2
1664,湯飲み,ゆのみ,찻잔,,명사(名詞),2
1665,捕らえる,とらえる,붙잡다,,동사(動詞),2
1666,雑談,ざつだん,잡담,,명사(名詞),2
1667,平日,へいじつ,평일,,명사(名詞),2
1668,体操,たいそう,체조,,명사(名詞),2
1670,作成,さくせい,작성,,동사(動詞),2
1671,餌,えさ,"모이, 미끼",,명사(名詞),2
1672,国境,こっきょう,국경,,명사(名詞),2
1673,格別,かくべつ,각별,,명사(名詞),2
1674,初級,しょきゅう,초급,,명사(名詞),2
1675,倉庫,そうこ,창고,,명사(名詞),2
1676,先程,さきほど,"아까, 조금 전",,명사(名詞),2
1677,呑気,のんき,성격이 느긋한 모양,,명사(名詞),2
1678,一段と,いちだんと,"한층, 더욱",,부사(副詞),2
1679,長期間,ちょうきかん,장기간,,명사(名詞),2
1680,揶揄う,からかう,조롱하다,,동사(動詞),2
1681,次ぐ,つぐ,뒤를 잇다,,동사(動詞),2
1682,診る,みる,진찰하다,,동사(動詞),2
1683,溶岩,ようがん,용암,,명사(名詞),2
1684,傾く,かたむく,기울다,,동사(動詞),2
1685,煙突,えんとつ,굴뚝,,명사(名詞),2
1686,診断,しんだん,진단,,명사(名詞),2
1687,綱,つな,밧줄,,명사(名詞),2
1688,溜息,ためいき,한숨,,명사(名詞),2
1689,助教授,じょきょうじゅ,조교수,,명사(名詞),2
1690,切めて,せめて,하다못해,,부사(副詞),2
1691,小麦,こむぎ,밀 (먹는 밀),,명사(名詞),2
1692,心得る,こころえる,"파악하다, 이해하다",,동사(動詞),2
1693,教養,きょうよう,교양 (교양 수업할때),,명사(名詞),2
1694,勝敗,しょうはい,승패,,명사(名詞),2
1695,貝,かい,조개,,명사(名詞),2
1696,照らす,てらす,비추다,,형용사(形容詞),2
1697,水筒,すいとう,"수통, 물통",,명사(名詞),2
1699,塞がる,ふさがる,"막히다, 메다",,동사(動詞),2
1700,目下の人,めしたのひと,손아랫사람,,명사(名詞),2
1701,標本,ひょうほん,표본,,명사(名詞),2
1702,実力,じつりょく,실력,,명사(名詞),2
1703,姿勢,しせい,"자세, 태도",,명사(名詞),2
1704,等しい,ひとしい,동등하다,,형용사(形容詞),2
1705,回数,かいすう,회수,,명사(名詞),2
1706,子孫,しそん,자손,,명사(名詞),2
1707,連合,れんごう,연합,,명사(名詞),2
1708,洗面,せんめん,세수 (얼굴닦기),,명사(名詞),2
1709,渋滞,じゅうたい,정체 (고속도로 정체 할때),,명사(名詞),2
1710,気配,けはい,"기미, 낌새",,명사(名詞),2
1711,耕地,こうち,경지,,명사(名詞),2
1712,規格,きかく,규격,,명사(名詞),2
1713,敷地,しきち,"부지, 대지",,명사(名詞),2
1714,基礎,きそ,기초,,명사(名詞),2
1715,貨物,かもつ,화물,,명사(名詞),2
1717,豊かな,ゆたかな,풍족한,,형용사(形容詞),2
1718,目安,めやす,기준,,명사(名詞),2
1719,捜査,そうさ,수사,,명사(名詞),2
1720,覗く,のぞく,엿보다,,동사(動詞),2
1721,討つ,うつ,(원수를) 갚다,,동사(動詞),2
1722,長短,ちょうたん,장단,,명사(名詞),2
1723,通訳,つうやく,통역,,명사(名詞),2
1724,録音,ろくおん,녹음,,명사(名詞),2
1725,死体,したい,시체,,명사(名詞),2
1726,塊,かたまり,"덩어리, 뭉치",,명사(名詞),2
1727,統一,とういつ,통일,,명사(名詞),2
1728,自習,じしゅう,자습,,명사(名詞),2
1729,背負う,せおう,짊어지다,,동사(動詞),2
1730,灯台,とうだい,등대,,명사(名詞),2
1731,不思議な,ふしぎな,이상한,,형용동사(形容動詞),2
1732,訴える,うったえる,소송하다,,동사(動詞),2
1733,敷く,しく,(바닥에) 깔다,,동사(動詞),2
1734,便所,べんじょ,변소 (화장실),,명사(名詞),2
1735,待合室,まちあいしつ,대합실,,명사(名詞),2
1736,方針,ほうしん,방침,,명사(名詞),2
1737,及ぼす,およぼす,미치다 (영향등을),,동사(動詞),2
1738,光線,こうせん,광선,,명사(名詞),2
1739,含む,ふくむ,포함하다,,동사(動詞),2
1740,乱暴,らんぼう,난폭,,명사(名詞),2
1741,鉄,てつ,쇠,,명사(名詞),2
1742,活力,かつりょく,활력,,명사(名詞),2
1743,固まり,かたまり,덩어리,,명사(名詞),2
1744,酔っ払い,よっぱらい,술주정꾼,,명사(名詞),2
1745,高速道路,こうそくどうろ,고속도로,,명사(名詞),2
1746,方言,ほうげん,"방언, 사투리",,명사(名詞),2
1747,不規則,ふきそく,불규칙,,명사(名詞),2
1748,濁る,にごる,흐려지다,,동사(動詞),2
1749,随筆,ずいひつ,수필,,명사(名詞),2
1750,挿す,さす,꽂다,,동사(動詞),2
1751,原産地,げんさんち,원산지,,명사(名詞),2
1752,過去,かこ,과거,,명사(名詞),2
1753,本来,ほんらい,본래,,명사(名詞),2
1754,悔やむ,くやむ,애석하게 여기다,,동사(動詞),2
1755,農薬,のうやく,농약,,명사(名詞),2
1756,委員,いいん,위원,,명사(名詞),2
1757,割と,わりと,비교적,,부사(副詞),2
1758,御目出度う,おめでとう,축하해,,인사 표현,2
1759,納める,おさめる,납입하다,,동사(動詞),2
1760,書道,しょどう,서예,,명사(名詞),2
1761,素質,そしつ,소질,,명사(名詞),2
1762,共に,ともに,함께,,부사(副詞),2
1763,鋸,のこぎり,톱,,명사(名詞),2
1764,支給,しきゅう,지급,,명사(名詞),2
1765,古里,ふるさと,고향,,명사(名詞),2
1766,最終,さいしゅう,최종,,명사(名詞),2
1767,四角,しかく,사각,,명사(名詞),2
1768,不通,ふつう,불통,,명사(名詞),2
1769,散る,ちる,꽃잎이지다,,동사(動詞),2
1770,意地悪,いじわる,심술궂음,,명사(名詞),2
1771,中年,ちゅうねん,중년,,명사(名詞),2
1772,気の毒,きのどく,"딱함, 가엾음",,명사(名詞),2
1773,莫大な,ばくだいな,막대한,,형용동사(形容動詞),2
1774,言付ける,ことづける,전달을 부탁하다,,동사(動詞),2
1775,固まる,かたまる,굳다,,동사(動詞),2
1776,向かう,むかう,향하다,,동사(動詞),2
1777,蒸し暑い,むしあつい,무더운,,형용사(形容詞),2
1778,意思表現,いしひょうげん,의사표현,,명사(名詞),2
1779,月日,つきひ,"월일, 날짜, 세월",,명사(名詞),2
1780,著す,あらわす,저술하다,,동사(動詞),2
1781,激増,げきぞう,격증,,명사(名詞),2
1782,注す,さす,"따르다, 붓다",,동사(動詞),2
1783,開通,かいつう,개통,,명사(名詞),2
1784,適切,てきせつ,적절,,명사(名詞),2
1785,森林,しんりん,삼림,,명사(名詞),2
1786,但し,ただし,"단, 다만",,접속부사,2
1787,学級,がっきゅう,학급,,명사(名詞),2
1789,見付かる,みつかる,발견되다,,동사(動詞),2
1790,恐怖,きょうふ,공포,,명사(名詞),2
1792,平らな,たいらな,평평한,,형용사(形容詞),2
1793,失望,しつぼう,실망,,명사(名詞),2
1794,制限,せいげん,제한,,명사(名詞),2
1795,瞳,ひとみ,눈동자,,명사(名詞),2
1796,手の平,てのひら,손바닥,,명사(名詞),2
1797,麻痺,まひ,마비,,명사(名詞),2
1798,支配,しはい,지배,,명사(名詞),2
1799,文献,ぶんけん,문헌,,명사(名詞),2
1801,申告,しんこく,신고 (알림),,명사(名詞),2
1802,袋,ふくろ,"봉다리, 자루",,명사(名詞),2
1803,退ける,どける,"치우다, 비키다",,동사(動詞),2
1804,特売,とくばい,특매,,명사(名詞),2
1805,散らかる,ちらかる,어지러지다,,동사(動詞),2
1806,醜い,みにくい,추한,,형용사(形容詞),2
1807,兎に角,とにかく,어쨌든간에,,부사(副詞),2
1808,憎い,にくい,밉다,,형용사(形容詞),2
1809,望遠鏡,ぼうえんきょう,망원경,,명사(名詞),2
1810,危うい,あやうい,위태롭다,,형용사(形容詞),2
1816,情報,じょうほう,정보,,명사(名詞),2
1817,改札口,かいさつぐち,개찰구 (지하철 표내고 나가는곳),,명사(名詞),2
1818,尽きる,つきる,(목숨등이) 다하다,,동사(動詞),2
1819,目指す,めざす,목표하다,,동사(動詞),2
1820,友好,ゆうこう,우호,,명사(名詞),2
1821,在庫,ざいこ,재고,,명사(名詞),2
1822,審判,しんぱん,심판,,명사(名詞),2
1823,犯罪,はんざい,범죄,,명사(名詞),2
1824,広げる,ひろげる,넓히다,,동사(動詞),2
1825,煉瓦,れんが,벽돌,,명사(名詞),2
1826,囁く,ささやく,속삭이다,,동사(動詞),2
1827,艶,つや,광택,,명사(名詞),2
1828,揃う,そろう,갖추어지다,,동사(動詞),2
1829,谷,たに,골짜기,,명사(名詞),2
1830,投書,とうしょ,투서 (신문에 투서하다 할때),,명사(名詞),2
1831,芝居,しばい,"연기, 연극",,명사(名詞),2
1832,貢献,こうけん,공헌,,명사(名詞),2
1834,発電,はつでん,발전,,명사(名詞),2
1835,学部,がくぶ,학부,,명사(名詞),2
1836,締切,しめきり,마감,,명사(名詞),2
1837,後輩,こうはい,후배,,명사(名詞),2
1838,船便,ふなびん,배편 (배로 보냄),,명사(名詞),2
1839,附属,ふぞく,부속,,명사(名詞),2
1840,高等,こうとう,고등,,명사(名詞),2
1842,憲法,けんぽう,헌법,,명사(名詞),2
1843,惜しい,おしい,아깝다,,형용사(形容詞),2
1844,講師,こうし,강사,,명사(名詞),2
1845,定員,ていいん,정원,,명사(名詞),2
1846,義務,ぎむ,의무,,명사(名詞),2
1847,風船,ふうせん,풍선,,명사(名詞),2
1848,有料,ゆうりょう,유료,,명사(名詞),2
1849,心臓,しんぞう,심장,,명사(名詞),2
1850,初旬,しょじゅん,초순,,명사(名詞),2
1851,売れ行き,うれゆき,팔림새 (팔리는 현황),,명사(名詞),2
1852,一層,いっそう,한층더,,부사(副詞),2
1853,要旨,ようし,요지,,명사(名詞),2
1854,性能,せいのう,성능,,명사(名詞),2
1855,羨む,うらやむ,부러워하다,,동사(動詞),2
1856,順序,じゅんじょ,순서,,명사(名詞),2
1857,通勤,つうきん,통근,,명사(名詞),2
1858,奇妙な,きみょうな,기묘한,,명사(名詞),2
1859,勝手に,かってに,멋대로,,부사(副詞),2
1860,主語,しゅご,주어,,명사(名詞),2
1861,手拭い,てぬぐい,수건,,명사(名詞),2
1862,要領,ようりょう,요령,,명사(名詞),2
1863,尻尾,しっぽ,꼬리,,명사(名詞),2
1864,点ける,つける,"(불을) 붙이다, 켜다",,동사(動詞),2
1865,物騒,ぶっそう,뒤숭숭하다,,명사(名詞),2
1866,全集,ぜんしゅう,전집 (한국문학 전집할때),,명사(名詞),2
1867,学科,がっか,학과,,명사(名詞),2
1868,当日,とうじつ,당일,,명사(名詞),2
1869,欧米,おうべい,유럽과 미국,,명사(名詞),2
1870,日課,にっか,일과,,명사(名詞),2
1871,半島,はんとう,반도,,명사(名詞),2
1872,粒,つぶ,알갱이,,명사(名詞),2
1873,始終,しじゅう,시종 (시종일관할때),,명사(名詞),2
1874,地味,じみ,수수함,,명사(名詞),2
1875,文房具,ぶんぼうぐ,문방구,,명사(名詞),2
1876,援助,えんじょ,원조 (도움),,명사(名詞),2
1877,広場,ひろば,광장,,명사(名詞),2
1879,裁判,さいばん,재판,,명사(名詞),2
1881,起床,きしょう,기상 (일어나기),,명사(名詞),2
1882,水曜,すいよう,수요(일),,명사(名詞),2
1883,一応,いちおう,"우선, 일단",,부사(副詞),2
1884,刑事,けいじ,형사,,명사(名詞),2
1885,応接,おうせつ,응접,,명사(名詞),2
1886,足袋,たび,일본식 버선,,명사(名詞),2
1887,被せる,かぶせる,"씌우다, 덮다",,동사(動詞),2
1888,普及,ふきゅう,보급,,명사(名詞),2
1889,精神,せいしん,정신,,명사(名詞),2
1890,実用,じつよう,실용,,명사(名詞),2
1891,各自,かくじ,각자,,명사(名詞),2
1892,正面,しょうめん,정면,,명사(名詞),2
1893,"49.原理",げんり,원리,,명사(名詞),2
1894,炭鉱,たんこう,탄광,,명사(名詞),2
